Date,Client,Order Quantity,Material
2019/12/5,c9,11712,12293768
2019/12/5,c9,6895,12246740
2019/12/5,c4,504,12321896
2019/12/5,c3,189,12042081
2019/12/5,c3,110,11000851
2019/12/5,c3,396,11000858
2019/12/5,c3,315,11001186
2019/12/5,c9,4160,12293768
2019/12/5,c2,104,12246740
2019/12/5,c8,1386,11000858
2019/12/5,c10,297,11000858
2019/12/6,c10,210,11001186
2019/12/6,c8,420,12322779
2019/12/6,c8,240,12293768
2019/12/6,c9,3392,12293768
2019/12/6,c3,48,12222902
2019/12/6,c3,104,12246740
2019/12/9,c2,96,12222902
2019/12/9,c6,252,12395525
2019/12/9,c6,105,12322779
2019/12/9,c6,108,12293783
2019/12/9,c6,392,12404641
2019/12/9,c5,42,12246740
2019/12/9,c2,104,12246740
2019/12/10,c10,495,11000858
2019/12/10,c10,220,11000851
2019/12/10,c10,252,11001186
2019/12/10,c10,252,12042081
2019/12/10,c5,42,12042081
2019/12/10,c7,60,12293768
2019/12/12,c5,39,12246740
2019/12/12,c7,504,11001186
2019/12/12,c7,550,11000851
2019/12/13,c7,297,11000858
2019/12/13,c5,63,12042081
2019/12/13,c5,216,12293783
2019/12/13,c7,378,12042081
2019/12/13,c7,630,11001186
2019/12/13,c3,208,12246740
2019/12/13,c5,88,12246740
2019/12/13,c2,96,12222902
2019/12/16,c5,108,12293783
2019/12/16,c10,48,12222902
2019/12/16,c9,4595,12246740
2019/12/16,c3,104,12246740
2019/12/16,c5,126,12042081
2019/12/16,c5,147,11001186
2019/12/16,c7,110,11000851
2019/12/16,c7,99,11000858
2019/12/16,c7,120,12222902
2019/12/16,c7,72,12222902
2019/12/16,c7,126,12042081
2019/12/16,c7,126,11001186
2019/12/16,c7,110,11000851
2019/12/16,c7,99,11000858
2019/12/17,c7,378,12042081
2019/12/17,c7,378,11001186
2019/12/17,c7,550,11000851
2019/12/17,c7,198,11000858
2019/12/17,c7,120,12222902
2019/12/17,c9,180,12246740
2019/12/17,c7,98,12404641
2019/12/17,c7,65,12246740
2019/12/18,c7,528,12271469
2019/12/18,c7,315,12322779
2019/12/18,c10,99,11000858
2019/12/18,c10,66,11000851
2019/12/18,c10,84,11001186
2019/12/18,c7,1320,12271469
2019/12/18,c7,1680,12322779
2019/12/19,c6,198,12320618
2019/12/19,c6,198,12320670
2019/12/19,c6,198,12320619
2019/12/19,c7,240,12293768
2019/12/19,c6,66,12320618
2019/12/19,c6,66,12320670
2019/12/19,c6,132,12320619
2019/12/19,c7,135,12322779
2019/12/19,c4,112,12396696
2019/12/19,c6,252,12042081
2019/12/19,c6,252,11001186
2019/12/19,c6,220,11000851
2019/12/19,c4,112,12396696
2019/12/19,c6,297,11000858
2019/12/19,c3,99,11000851
2019/12/19,c3,84,11001186
2019/12/19,c3,84,12042081
2019/12/19,c3,84,12042081
2019/12/19,c3,104,12246740
2019/12/19,c5,42,12042081
2019/12/19,c5,66,11000851
2019/12/20,c5,66,11000858
2019/12/21,c5,88,11000851
2019/12/21,c3,104,12246740
2019/12/21,c8,288,12222902
2019/12/21,c5,126,12042081
2019/12/21,c5,253,11000858
2019/12/21,c5,396,11000851
2019/12/21,c3,96,12222902
2019/12/21,c6,528,12320618
2019/12/21,c6,264,12320670
2019/12/21,c6,396,12320619
2019/12/21,c6,198,12320618
2019/12/21,c6,198,12320670
2019/12/21,c6,198,12320619
2019/12/21,c4,1764,12321895
2019/12/21,c6,132,12320618
2019/12/21,c6,132,12320670
2019/12/21,c6,132,12320619
2019/12/21,c3,84,11001186
2019/12/21,c3,84,12042081
2019/12/21,c3,104,12246740
2019/12/21,c6,96,12222902
2019/12/21,c6,126,12042081
2019/12/21,c6,126,11001186
2019/12/21,c8,42,12395525
2019/12/21,c8,108,12293783
2019/12/21,c8,98,12404641
2019/12/21,c5,84,12222902
2019/12/21,c8,42,12395525
2019/12/21,c8,2940,12322779
2019/12/21,c6,48,12222902
2019/12/21,c6,126,11001186
2019/12/21,c6,99,11000858
2019/12/21,c6,110,11000851
2019/12/21,c10,144,12222902
2019/12/21,c7,392,12404641
2019/12/21,c10,99,11000858
2019/12/21,c3,20,12293768
2019/12/21,c3,84,12395525
2019/12/21,c3,126,12395525
2019/12/21,c2,48,12222902
2019/12/21,c5,490,12404641
2019/12/21,c5,1274,12404641
2019/12/22,c3,44,11000858
2019/12/22,c3,63,11001186
2019/12/22,c3,48,12222902
2019/12/22,c5,210,12322779
2019/12/22,c5,726,12271469
2019/12/22,c3,48,12222902
2019/12/22,c4,560,12396696
2019/12/22,c4,1008,12321895
2019/12/22,c4,980,12396696
2019/12/22,c7,110,11000851
2019/12/23,c7,99,11000858
2019/12/23,c5,1199,12271469
2019/12/23,c5,294,12404641
2019/12/23,c5,99,11000858
2019/12/23,c5,198,12271469
2019/12/23,c5,210,12322779
2019/12/23,c4,2268,12321895
2019/12/23,c6,56,12395525
2019/12/23,c10,528,12271469
2019/12/23,c10,240,12293768
2019/12/23,c10,42,12395525
2019/12/23,c10,264,12271469
2019/12/23,c4,252,12321895
2019/12/23,c4,756,12321896
2019/12/23,c4,252,12321895
2019/12/23,c4,504,12321896
2019/12/23,c4,504,12321895
2019/12/23,c4,504,12321896
2019/12/23,c3,375,12322779
2019/12/23,c3,252,12395525
2019/12/23,c3,198,12271469
2019/12/23,c3,108,12293783
2019/12/23,c3,80,12293768
2019/12/23,c8,252,12042081
2019/12/23,c8,99,11000858
2019/12/23,c8,110,11000851
2019/12/23,c3,63,11001186
2019/12/23,c3,63,12042081
2019/12/24,c4,2520,12321895
2019/12/24,c4,2520,12321896
2019/12/24,c4,1260,12321896
2019/12/24,c4,504,12321895
2019/12/24,c4,756,12321896
2019/12/24,c4,252,12321895
2019/12/24,c4,252,12321896
2019/12/24,c4,2520,12321895
2019/12/24,c4,2520,12321896
2019/12/24,c3,132,12320619
2019/12/24,c3,88,12320618
2019/12/24,c3,110,12320670
2019/12/24,c4,252,12321895
2019/12/24,c4,504,12321896
2019/12/24,c3,396,12320619
2019/12/24,c3,396,12320618
2019/12/24,c3,352,12320670
2019/12/24,c4,252,12321895
2019/12/24,c4,756,12321896
2019/12/24,c4,252,12321895
2019/12/24,c4,252,12321896
2019/12/24,c4,252,12321895
2019/12/24,c4,252,12321896
2019/12/24,c1,104,12246740
2019/12/24,c4,6300,12321896
2019/12/24,c2,96,12222902
2019/12/24,c4,504,12321895
2019/12/24,c4,504,12321896
2019/12/24,c4,504,12321895
2019/12/24,c4,756,12321896
2019/12/24,c1,85,12404641
2019/12/24,c4,1512,12321895
2019/12/24,c4,252,12321895
2019/12/24,c4,504,12321896
2019/12/25,c4,2520,12321895
2019/12/25,c4,1512,12321896
2019/12/25,c4,6300,12321896
2019/12/25,c5,66,12271469
2019/12/25,c2,126,11001186
2019/12/25,c2,99,11000858
2019/12/25,c2,220,11000851
2019/12/26,c2,126,12042081
2019/12/27,c3,140,12293768
2019/12/27,c3,108,12293783
2019/12/27,c3,66,12271469
2019/12/27,c3,420,12395525
2019/12/27,c3,120,12322779
2019/12/27,c1,210,12395525
2019/12/27,c1,66,12271469
2019/12/27,c1,108,12293783
2019/12/27,c8,660,12320670
2019/12/27,c8,660,12320619
2019/12/27,c8,528,12320618
2019/12/27,c4,1764,12321896
2019/12/27,c3,225,12322779
2019/12/27,c3,90,12293768
2019/12/27,c3,462,12395525
2019/12/27,c3,330,12271469
2019/12/27,c4,1008,12321896
2019/12/27,c4,168,12396696
2019/12/27,c1,378,12395525
2019/12/27,c1,216,12293783
2019/12/27,c1,60,12293768
2019/12/27,c2,220,11000851
2019/12/27,c2,396,11000858
2019/12/27,c2,126,12042081
2019/12/27,c2,126,11001186
2019/12/27,c4,56,12396696
2019/12/27,c4,56,12396696
2019/12/27,c4,56,12396696
2019/12/27,c10,198,11000858
2019/12/27,c10,48,12222902
2019/12/27,c3,84,12395525
2019/12/27,c3,40,12293768
2019/12/27,c4,392,12396696
2019/12/27,c5,140,12404641
2019/12/27,c5,330,12271469
2019/12/27,c7,216,12293783
2019/12/27,c5,294,12404641
2019/12/27,c4,28,12396696
2019/12/27,c4,1512,12321895
2019/12/27,c5,294,12404641
2019/12/27,c5,126,12042081
2019/12/27,c8,660,12320670
2019/12/27,c8,660,12320619
2019/12/27,c8,264,12320618
2019/12/27,c5,98,12404641
2019/12/27,c5,66,12271469
2019/12/27,c4,28,12396696
2019/12/27,c5,99,11000858
2019/12/27,c3,126,12395525
2019/12/27,c8,660,12320670
2019/12/27,c8,660,12320619
2019/12/27,c8,396,12320618
2019/12/27,c6,56,12395525
2019/12/28,c6,60,12293768
2019/12/28,c5,42,12042081
2019/12/28,c5,33,11000851
2019/12/29,c3,22,11000858
2019/12/29,c3,63,12042081
2019/12/29,c3,11,11000851
2019/12/29,c1,144,12222902
2019/12/29,c7,66,12320670
2019/12/29,c7,44,12320619
2019/12/29,c7,44,12320618
2019/12/29,c5,630,12322779
2019/12/29,c1,126,12395525
2019/12/30,c1,108,12293783
2019/12/30,c1,60,12293768
2019/12/30,c1,126,11001186
2019/12/30,c1,126,12042081
2019/12/30,c1,104,12246740
2019/12/30,c4,594,12365978
2019/12/30,c8,132,12320670
2019/12/30,c8,132,12320619
2019/12/30,c8,132,12320618
2019/12/30,c2,104,12246740
2019/12/30,c4,792,12365978
2019/12/30,c4,396,12365978
2019/12/30,c8,42,12395525
2019/12/30,c8,210,12322779
2019/12/30,c8,108,12293783
2019/12/30,c8,98,12404641
2019/12/30,c8,80,12293768
2019/12/30,c2,210,12322779
2019/12/30,c2,198,12271469
2019/12/30,c2,84,12395525
2019/12/30,c2,80,12293768
2019/12/30,c2,330,11000851
2019/12/30,c2,198,11000858
2019/12/30,c2,126,11001186
2019/12/30,c2,400,12293768
2019/12/30,c4,252,12321895
2019/12/30,c8,42,12395525
2019/12/30,c8,196,12404641
2019/12/30,c8,160,12293768
2019/12/30,c2,216,12293783
2019/12/30,c2,84,12395525
2019/12/30,c2,396,12271469
2019/12/30,c2,1155,12322779
2019/12/30,c4,28,12396696
2019/12/30,c2,160,12293768
2019/12/30,c7,440,12320670
2019/12/30,c7,330,12320619
2019/12/30,c7,330,12320618
2019/12/30,c4,198,12365978
2019/12/30,c4,252,12321896
2019/12/30,c1,181,12404641
2019/12/30,c8,126,12042081
2019/12/30,c8,126,11001186
2019/12/30,c2,84,12395525
2019/12/30,c2,60,12322779
2019/12/30,c2,90,12293783
2019/12/30,c2,132,12271469
2019/12/30,c4,252,12321895
2019/12/30,c4,594,12365978
2019/12/30,c3,198,11000858
2019/12/30,c3,336,11001186
2019/12/30,c3,252,12042081
2019/12/30,c7,22,12320619
2019/12/30,c7,22,12320618
2019/12/30,c4,756,12321896
2019/12/30,c4,504,12321895
2019/12/31,c4,252,12321896
2019/12/31,c4,504,12321895
2019/12/31,c3,63,12042081
2019/12/31,c3,126,11001186
2019/12/31,c3,33,11000851
2019/12/31,c3,330,12320619
2019/12/31,c3,220,12320618
2019/12/31,c3,330,12320670
2019/12/31,c6,54,12293783
2019/12/31,c4,252,12396696
2019/12/31,c3,42,12395525
2019/12/31,c4,224,12396696
2019/12/31,c4,2772,12321895
2019/12/31,c3,96,12222902
2019/12/31,c3,66,12320618
2019/12/31,c3,110,12320619
2019/12/31,c3,88,12320670
2019/12/31,c3,20,12293768
2019/12/31,c3,12,12322779
2019/12/31,c3,294,12404641
2019/12/31,c3,84,12395525
2019/12/31,c3,54,12293783
2019/12/31,c1,16,12404641
2019/12/31,c1,104,12246740
2019/12/31,c3,374,12320618
2019/12/31,c3,330,12320619
2019/12/31,c3,242,12320670
2019/12/31,c4,1036,12396696
2019/12/31,c4,594,12365978
2019/12/31,c1,126,11001186
2019/12/31,c1,96,12222902
2019/12/31,c1,126,12395525
2019/12/31,c1,66,12271469
2019/12/31,c1,108,12293783
2019/12/31,c1,10,12293768
2019/12/31,c1,126,11001186
2019/12/31,c1,126,12042081
2019/12/31,c5,110,11000851
2019/12/31,c2,44,12320618
2019/12/31,c2,88,12320619
2019/12/31,c2,88,12320670
2019/12/31,c3,132,12271469
2019/12/31,c3,216,12293783
2019/12/31,c3,160,12293768
2019/12/31,c3,225,12322779
2019/12/31,c3,336,12395525
2019/12/31,c2,48,12222902
2019/12/31,c4,756,12321895
2019/12/31,c1,35,12404641
2019/12/31,c1,64,12404641
2019/12/31,c2,84,12395525
2019/12/31,c2,108,12293783
2019/12/31,c2,594,12271469
2019/12/31,c6,108,12293783
2019/12/31,c6,392,12404641
2019/12/31,c6,80,12293768
2019/12/31,c4,2016,12321895
2019/12/31,c1,132,12320670
2019/12/31,c1,264,12320618
2019/12/31,c4,28,12396696
2019/12/31,c3,144,12222902
2019/12/31,c3,144,12222902
2019/12/31,c1,132,12320619
2019/12/31,c1,132,12320670
2019/12/31,c1,132,12320618
2019/12/31,c3,176,12320670
2019/12/31,c3,220,12320619
2019/12/31,c3,308,12320618
2019/12/31,c5,48,12222902
2019/12/31,c3,176,12320618
2019/12/31,c3,176,12320619
2019/12/31,c3,110,12320670
2019/12/31,c7,378,11001186
2019/12/31,c7,330,11000851
2019/12/31,c7,99,11000858
2019/12/31,c1,99,11000858
2019/12/31,c1,220,11000851
2019/12/31,c1,378,11001186
2019/12/31,c1,378,12042081
2019/12/31,c4,1260,12396696
2019/12/31,c5,30,12322779
2019/12/31,c1,168,12395525
2019/12/31,c1,132,12271469
2019/12/31,c1,216,12293783
2019/12/31,c1,80,12293768
2019/12/31,c2,84,12395525
2019/12/31,c2,120,12322779
2019/12/31,c2,66,12271469
2019/12/31,c10,144,12222902
2019/12/31,c10,488,12322779
2020/1/1,c10,264,12271469
2020/1/1,c4,396,12365978
2020/1/1,c2,126,12042081
2020/1/1,c2,126,11001186
2020/1/1,c2,198,11000858
2020/1/1,c2,440,11000851
2020/1/1,c7,44,12320670
2020/1/1,c7,44,12320619
2020/1/1,c7,44,12320618
2020/1/1,c10,96,12222902
2020/1/1,c4,2016,12321895
2020/1/1,c10,99,11000858
2020/1/1,c10,252,11001186
2020/1/2,c10,252,12042081
2020/1/2,c2,126,11001186
2020/1/2,c2,330,11000851
2020/1/2,c2,252,12042081
2020/1/2,c2,198,11000858
2020/1/2,c1,147,12404641
2020/1/2,c2,320,12293768
2020/1/2,c10,210,12042081
2020/1/2,c10,144,12222902
2020/1/2,c3,63,12042081
2020/1/2,c3,33,11000858
2020/1/2,c3,63,11001186
2020/1/2,c7,315,12322779
2020/1/2,c8,264,12320670
2020/1/2,c8,264,12320619
2020/1/2,c8,132,12320618
2020/1/2,c2,48,12222902
2020/1/2,c10,270,12322779
2020/1/2,c4,196,12396696
2020/1/2,c3,96,12222902
2020/1/2,c2,98,12404641
2020/1/2,c2,98,12404641
2020/1/2,c1,110,11000851
2020/1/2,c1,144,12222902
2020/1/2,c7,126,11001186
2020/1/2,c7,110,11000851
2020/1/2,c7,99,11000858
2020/1/2,c1,132,12320619
2020/1/2,c1,132,12320670
2020/1/2,c1,132,12320618
2020/1/2,c7,385,12271469
2020/1/2,c7,66,12271469
2020/1/2,c7,60,12322779
2020/1/2,c4,1008,12321895
2020/1/2,c2,220,12320619
2020/1/2,c2,220,12320670
2020/1/2,c2,132,12320618
2020/1/2,c1,126,11001186
2020/1/2,c1,126,12042081
2020/1/2,c4,2268,12321895
2020/1/2,c4,28,12396696
2020/1/3,c8,252,12042081
2020/1/3,c8,99,11000858
2020/1/3,c8,110,11000851
2020/1/3,c4,1764,12321895
2020/1/3,c3,330,12271469
2020/1/3,c3,252,12395525
2020/1/3,c3,180,12322779
2020/1/3,c3,70,12293768
2020/1/3,c3,108,12293783
2020/1/3,c3,96,12222902
2020/1/3,c3,144,12222902
2020/1/3,c1,104,12246740
2020/1/3,c4,1008,12321895
2020/1/3,c6,210,12395525
2020/1/3,c3,24,12322779
2020/1/3,c3,84,12395525
2020/1/3,c3,20,12293768
2020/1/3,c1,252,12395525
2020/1/3,c1,198,12271469
2020/1/3,c1,105,12322779
2020/1/3,c1,216,12293783
2020/1/3,c1,100,12293768
2020/1/3,c7,196,12404641
2020/1/3,c3,84,12395525
2020/1/3,c3,44,12271469
2020/1/3,c3,490,12404641
2020/1/3,c5,105,12042081
2020/1/3,c5,147,11001186
2020/1/3,c5,319,11000858
2020/1/3,c5,440,11000851
2020/1/3,c2,104,12246740
2020/1/3,c3,252,11001186
2020/1/3,c3,189,12042081
2020/1/3,c3,198,11000858
2020/1/3,c1,104,12246740
2020/1/3,c5,63,12042081
2020/1/3,c5,99,11000858
2020/1/3,c1,294,12395525
2020/1/3,c1,66,12271469
2020/1/3,c1,108,12293783
2020/1/3,c4,594,12365978
2020/1/3,c2,110,12320670
2020/1/3,c2,44,12320619
2020/1/3,c1,168,12395525
2020/1/3,c1,66,12271469
2020/1/3,c1,108,12293783
2020/1/3,c1,40,12293768
2020/1/3,c1,192,12222902
2020/1/3,c10,96,12222902
2020/1/3,c1,132,12320619
2020/1/3,c1,132,12320670
2020/1/3,c1,264,12320618
2020/1/3,c4,396,12365978
2020/1/3,c1,99,11000858
2020/1/3,c1,126,11001186
2020/1/6,c1,126,12042081
2020/1/6,c3,196,12404641
2020/1/6,c3,44,12271469
2020/1/6,c3,126,12395525
2020/1/6,c3,12,12322779
2020/1/6,c1,269,12404641
2020/1/6,c5,84,12042081
2020/1/6,c5,187,11000858
2020/1/6,c5,198,11000851
2020/1/6,c5,315,12322779
2020/1/6,c5,198,11000858
2020/1/6,c2,1050,12322779
2020/1/6,c2,210,12395525
2020/1/6,c2,432,12293783
2020/1/6,c2,264,12271469
2020/1/6,c1,104,12246740
2020/1/6,c5,42,12042081
2020/1/6,c5,198,11000858
2020/1/6,c5,220,11000851
2020/1/6,c5,42,12042081
2020/1/6,c5,48,12222902
2020/1/6,c5,88,11000851
2020/1/6,c5,99,11000858
2020/1/6,c5,126,12042081
2020/1/6,c5,330,11000858
2020/1/6,c5,440,11000851
2020/1/6,c5,216,12293783
2020/1/6,c5,525,12322779
2020/1/6,c1,60,12404641
2020/1/6,c3,75,12322779
2020/1/6,c3,216,12293783
2020/1/6,c3,132,12271469
2020/1/6,c3,294,12395525
2020/1/6,c3,80,12293768
2020/1/6,c1,420,12395525
2020/1/6,c1,132,12271469
2020/1/6,c1,108,12293783
2020/1/6,c1,40,12293768
2020/1/6,c1,104,12246740
2020/1/7,c3,11,11000858
2020/1/7,c4,112,12396696
2020/1/7,c1,97,12404641
2020/1/7,c1,104,12246740
2020/1/7,c2,80,12293768
2020/1/7,c2,98,12404641
2020/1/7,c1,104,12246740
2020/1/7,c1,210,12395525
2020/1/7,c1,198,12271469
2020/1/7,c1,108,12293783
2020/1/7,c2,210,12395525
2020/1/7,c2,216,12293783
2020/1/7,c2,98,12404641
2020/1/7,c2,80,12293768
2020/1/7,c2,208,12246740
2020/1/7,c4,224,12396696
2020/1/7,c2,42,12395525
2020/1/7,c2,132,12271469
2020/1/7,c2,60,12322779
2020/1/7,c2,90,12293783
2020/1/7,c4,198,12365978
2020/1/7,c10,396,12271469
2020/1/7,c10,54,12293783
2020/1/7,c10,160,12293768
2020/1/7,c3,63,12042081
2020/1/7,c3,110,11000851
2020/1/7,c3,63,11001186
2020/1/7,c3,110,11000851
2020/1/7,c3,63,11001186
2020/1/7,c4,990,12365978
2020/1/7,c1,12,12404641
2020/1/7,c10,180,12322779
2020/1/7,c10,264,12271469
2020/1/7,c10,80,12293768
2020/1/7,c1,144,12222902
2020/1/7,c1,126,11001186
2020/1/7,c6,392,12404641
2020/1/7,c3,144,12222902
2020/1/7,c4,420,12396696
2020/1/7,c3,60,12322779
2020/1/7,c5,126,12042081
2020/1/7,c5,99,11000858
2020/1/7,c5,110,11000851
2020/1/7,c4,644,12396696
2020/1/7,c1,132,12320619
2020/1/7,c1,132,12320670
2020/1/7,c1,132,12320618
2020/1/7,c5,48,12222902
2020/1/7,c4,28,12396696
2020/1/7,c1,132,12320670
2020/1/7,c1,132,12320618
2020/1/7,c1,97,12404641
2020/1/7,c2,252,12042081
2020/1/7,c2,252,11001186
2020/1/7,c2,220,11000851
2020/1/7,c2,99,11000858
2020/1/7,c1,252,12395525
2020/1/7,c1,66,12271469
2020/1/7,c1,108,12293783
2020/1/7,c2,144,12222902
2020/1/7,c4,1232,12396696
2020/1/7,c4,1036,12396696
2020/1/7,c1,48,12222902
2020/1/7,c6,48,12222902
2020/1/7,c4,84,12396696
2020/1/7,c3,99,11000851
2020/1/7,c4,396,12365978
2020/1/7,c4,280,12396696
2020/1/8,c2,104,12246740
2020/1/8,c7,110,11000851
2020/1/8,c7,48,12222902
2020/1/8,c5,216,12293783
2020/1/8,c5,630,12322779
2020/1/8,c4,784,12396696
2020/1/8,c5,315,12322779
2020/1/8,c1,137,12404641
2020/1/8,c7,660,12320618
2020/1/8,c7,660,12320670
2020/1/8,c7,660,12320619
2020/1/8,c3,96,12222902
2020/1/8,c1,210,12395525
2020/1/8,c1,132,12271469
2020/1/8,c1,108,12293783
2020/1/8,c1,80,12293768
2020/1/8,c1,252,12395525
2020/1/8,c1,264,12271469
2020/1/8,c1,105,12322779
2020/1/8,c1,216,12293783
2020/1/8,c1,70,12293768
2020/1/8,c5,120,12322779
2020/1/8,c5,396,12271469
2020/1/8,c1,208,12246740
2020/1/8,c5,42,12042081
2020/1/8,c5,48,12222902
2020/1/8,c5,294,12404641
2020/1/8,c5,112,12404641
2020/1/9,c2,154,12320670
2020/1/9,c2,220,12320619
2020/1/9,c2,132,12320618
2020/1/9,c7,420,12322779
2020/1/9,c4,990,12365978
2020/1/9,c3,20,12293768
2020/1/9,c3,98,12404641
2020/1/9,c6,48,12222902
2020/1/9,c5,126,12042081
2020/1/9,c5,96,12222902
2020/1/9,c4,252,12321896
2020/1/9,c4,252,12321895
2020/1/9,c4,594,12365978
2020/1/9,c4,594,12365978
2020/1/9,c3,168,12395525
2020/1/9,c3,264,12271469
2020/1/9,c3,216,12293783
2020/1/9,c3,240,12322779
2020/1/9,c3,70,12293768
2020/1/9,c5,216,12293783
2020/1/9,c7,66,12271469
2020/1/9,c7,108,12293783
2020/1/9,c7,120,12322779
2020/1/9,c4,28,12396696
2020/1/9,c5,294,12404641
2020/1/9,c6,21,12042081
2020/1/9,c6,144,12222902
2020/1/10,c7,150,12404641
2020/1/10,c7,55,12271469
2020/1/10,c5,294,12404641
2020/1/10,c7,440,12320618
2020/1/10,c7,330,12320670
2020/1/10,c7,550,12320619
2020/1/10,c7,198,12320618
2020/1/10,c7,220,12320670
2020/1/10,c7,198,12320619
2020/1/10,c2,196,12404641
2020/1/10,c2,80,12293768
2020/1/10,c1,252,12395525
2020/1/10,c1,66,12271469
2020/1/10,c1,216,12293783
2020/1/10,c1,40,12293768
2020/1/10,c2,160,12293768
2020/1/10,c2,294,12404641
2020/1/10,c2,48,12222902
2020/1/10,c1,126,11001186
2020/1/10,c10,244,12322779
2020/1/10,c10,504,12395525
2020/1/10,c1,66,12320619
2020/1/10,c1,132,12320670
2020/1/10,c1,132,12320618
2020/1/10,c10,96,12222902
2020/1/10,c10,240,12222902
2020/1/10,c4,112,12396696
2020/1/10,c4,168,12396696
2020/1/10,c10,495,11000858
2020/1/10,c10,252,12042081
2020/1/10,c1,96,12222902
2020/1/10,c8,48,12222902
2020/1/10,c1,132,12320619
2020/1/10,c1,264,12320670
2020/1/10,c1,264,12320618
2020/1/10,c2,84,12395525
2020/1/10,c2,108,12293783
2020/1/10,c10,66,11000851
2020/1/10,c10,220,11000851
2020/1/10,c1,99,11000858
2020/1/13,c1,110,11000851
2020/1/13,c7,48,12222902
2020/1/13,c4,112,12396696
2020/1/13,c3,144,12222902
2020/1/13,c2,420,12322779
2020/1/13,c2,792,12271469
2020/1/13,c2,378,12395525
2020/1/13,c2,324,12293783
2020/1/13,c5,98,12404641
2020/1/13,c1,144,12222902
2020/1/13,c7,98,12404641
2020/1/13,c5,21,12042081
2020/1/13,c5,42,11001186
2020/1/13,c10,462,12271469
2020/1/13,c10,105,12322779
2020/1/13,c4,198,12365978
2020/1/13,c1,192,12222902
2020/1/13,c7,330,11000851
2020/1/13,c7,168,12222902
2020/1/13,c8,294,12404641
2020/1/13,c8,80,12293768
2020/1/13,c7,480,12293768
2020/1/13,c4,28,12396696
2020/1/13,c4,28,12396696
2020/1/13,c4,396,12365978
2020/1/13,c3,63,12042081
2020/1/13,c3,11,11000851
2020/1/13,c3,63,11001186
2020/1/13,c3,33,11000858
2020/1/13,c4,28,12396696
2020/1/13,c1,252,12395525
2020/1/13,c1,264,12271469
2020/1/13,c1,105,12322779
2020/1/13,c1,108,12293783
2020/1/13,c1,80,12293768
2020/1/13,c5,21,12042081
2020/1/13,c5,42,11001186
2020/1/13,c1,252,12395525
2020/1/13,c1,132,12271469
2020/1/13,c1,108,12293783
2020/1/13,c1,50,12293768
2020/1/13,c1,104,12246740
2020/1/13,c1,168,12395525
2020/1/13,c1,264,12271469
2020/1/13,c1,216,12293783
2020/1/13,c1,30,12293768
2020/1/13,c1,104,12246740
2020/1/13,c4,168,12396696
2020/1/13,c3,48,12222902
2020/1/13,c10,264,12320619
2020/1/13,c10,132,12320670
2020/1/13,c1,199,12404641
2020/1/13,c1,243,12404641
2020/1/13,c1,56,12404641
2020/1/13,c1,104,12246740
2020/1/13,c4,112,12396696
2020/1/13,c10,198,12271469
2020/1/13,c10,108,12293783
2020/1/13,c10,160,12293768
2020/1/13,c2,196,12404641
2020/1/13,c2,80,12293768
2020/1/13,c4,594,12365978
2020/1/13,c10,90,12322779
2020/1/13,c10,396,12271469
2020/1/13,c10,14,12404641
2020/1/13,c10,80,12293768
2020/1/13,c4,1764,12321896
2020/1/13,c4,990,12365978
2020/1/13,c5,12,12246740
2020/1/13,c2,144,12222902
2020/1/13,c4,28,12396696
2020/1/13,c8,42,12395525
2020/1/13,c8,105,12322779
2020/1/13,c8,160,12293768
2020/1/13,c3,108,12293783
2020/1/13,c3,294,12395525
2020/1/13,c3,210,12322779
2020/1/13,c3,120,12293768
2020/1/13,c4,396,12365978
2020/1/14,c6,96,12222902
2020/1/14,c1,210,12395525
2020/1/14,c1,66,12271469
2020/1/14,c1,105,12322779
2020/1/14,c1,216,12293783
2020/1/14,c1,60,12293768
2020/1/14,c1,32,12404641
2020/1/14,c1,104,12246740
2020/1/14,c3,84,12395525
2020/1/14,c3,196,12404641
2020/1/14,c3,20,12293768
2020/1/14,c3,24,12322779
2020/1/14,c2,99,11000858
2020/1/14,c2,330,11000851
2020/1/14,c2,126,12042081
2020/1/14,c2,126,11001186
2020/1/14,c3,126,12395525
2020/1/14,c3,264,12271469
2020/1/14,c3,108,12293783
2020/1/14,c3,160,12293768
2020/1/14,c10,66,12271469
2020/1/14,c10,108,12293783
2020/1/14,c10,28,12404641
2020/1/14,c10,160,12293768
2020/1/14,c7,432,12293783
2020/1/14,c6,396,12320619
2020/1/14,c6,924,12320618
2020/1/14,c6,396,12320670
2020/1/14,c6,264,12320619
2020/1/14,c7,24,12222902
2020/1/14,c1,168,12395525
2020/1/14,c1,132,12271469
2020/1/14,c1,108,12293783
2020/1/14,c1,39,12404641
2020/1/14,c1,192,12222902
2020/1/14,c1,116,12404641
2020/1/14,c1,110,11000851
2020/1/14,c1,126,12042081
2020/1/14,c1,132,12320619
2020/1/14,c1,264,12320670
2020/1/14,c1,132,12320618
2020/1/14,c6,66,12320618
2020/1/14,c6,66,12320670
2020/1/14,c6,66,12320619
2020/1/14,c1,99,11000858
2020/1/14,c1,110,11000851
2020/1/14,c1,126,11001186
2020/1/14,c1,126,12042081
2020/1/14,c3,75,12322779
2020/1/14,c3,108,12293783
2020/1/14,c3,66,12271469
2020/1/14,c3,168,12395525
2020/1/14,c1,132,12320619
2020/1/14,c1,132,12320670
2020/1/14,c1,264,12320618
2020/1/14,c3,88,12320618
2020/1/14,c3,88,12320670
2020/1/14,c3,132,12320619
2020/1/14,c3,490,12404641
2020/1/14,c3,54,12293783
2020/1/14,c3,12,12322779
2020/1/14,c3,42,12395525
2020/1/14,c3,44,12271469
2020/1/14,c3,490,12404641
2020/1/14,c6,330,12320618
2020/1/14,c6,396,12320670
2020/1/14,c6,330,12320619
2020/1/14,c3,44,12320618
2020/1/14,c3,22,12320619
2020/1/14,c3,44,12320670
2020/1/14,c3,96,12222902
2020/1/14,c4,392,12396696
2020/1/14,c5,48,12222902
2020/1/14,c5,273,11001186
2020/1/14,c10,54,12293783
2020/1/15,c10,14,12404641
2020/1/15,c10,160,12293768
2020/1/15,c4,308,12396696
2020/1/15,c4,84,12396696
2020/1/15,c3,66,12320670
2020/1/15,c3,220,12320618
2020/1/15,c3,132,12320619
2020/1/15,c2,208,12246740
2020/1/15,c1,104,12246740
2020/1/15,c4,112,12396696
2020/1/15,c10,144,12222902
2020/1/15,c5,126,12042081
2020/1/15,c4,198,12365978
2020/1/15,c1,104,12246740
2020/1/15,c4,1232,12396696
2020/1/15,c5,18,12293783
2020/1/15,c10,378,11001186
2020/1/15,c10,630,12042081
2020/1/15,c3,88,12320619
2020/1/15,c3,88,12320618
2020/1/15,c3,66,12320670
2020/1/15,c7,330,12320618
2020/1/15,c7,440,12320670
2020/1/15,c7,110,12320619
2020/1/15,c4,594,12365978
2020/1/15,c5,42,12042081
2020/1/15,c2,132,12320618
2020/1/15,c2,220,12320619
2020/1/15,c2,176,12320670
2020/1/15,c4,756,12396696
2020/1/15,c10,495,11000858
2020/1/15,c10,220,11000851
2020/1/15,c3,154,12320618
2020/1/15,c3,88,12320619
2020/1/15,c3,66,12320670
2020/1/15,c1,210,12395525
2020/1/15,c1,132,12271469
2020/1/15,c1,105,12322779
2020/1/15,c1,108,12293783
2020/1/15,c1,30,12293768
2020/1/15,c5,39,12246740
2020/1/15,c5,216,12293783
2020/1/15,c4,224,12396696
2020/1/15,c7,200,12404641
2020/1/15,c1,110,11000851
2020/1/15,c7,198,11000858
2020/1/15,c7,288,12222902
2020/1/15,c7,1155,12322779
2020/1/15,c7,2508,12271469
2020/1/15,c7,2112,12271469
2020/1/15,c7,48,12222902
2020/1/15,c2,192,12222902
2020/1/15,c1,145,12404641
2020/1/15,c3,132,12271469
2020/1/15,c3,84,12395525
2020/1/15,c3,108,12293783
2020/1/15,c3,75,12322779
2020/1/15,c10,297,11000858
2020/1/15,c10,220,11000851
2020/1/15,c10,297,11000858
2020/1/15,c10,66,11000851
2020/1/15,c10,168,11001186
2020/1/15,c10,63,12042081
2020/1/15,c6,48,12222902
2020/1/15,c7,44,12320618
2020/1/15,c7,110,12320670
2020/1/15,c7,88,12320619
2020/1/15,c4,1064,12396696
2020/1/15,c4,1344,12396696
2020/1/15,c10,96,12222902
2020/1/16,c3,60,12322779
2020/1/16,c3,108,12293783
2020/1/16,c3,132,12271469
2020/1/16,c3,210,12395525
2020/1/16,c3,210,12293768
2020/1/16,c7,1260,12322779
2020/1/16,c1,198,11000858
2020/1/16,c1,330,11000851
2020/1/16,c1,756,11001186
2020/1/16,c1,264,12320619
2020/1/16,c1,264,12320670
2020/1/16,c1,264,12320618
2020/1/16,c4,28,12396696
2020/1/16,c3,192,12222902
2020/1/16,c1,104,12246740
2020/1/16,c2,42,12395525
2020/1/16,c2,108,12293783
2020/1/16,c2,264,12271469
2020/1/16,c7,198,12271469
2020/1/16,c7,300,12322779
2020/1/16,c4,504,12321896
2020/1/16,c4,1512,12321895
2020/1/16,c1,96,12222902
2020/1/16,c3,11,11000851
2020/1/16,c2,294,12404641
2020/1/16,c2,80,12293768
2020/1/16,c3,96,12222902
2020/1/16,c9,4680,12246740
2020/1/16,c2,48,12222902
2020/1/16,c3,176,12320618
2020/1/16,c3,88,12320670
2020/1/16,c3,110,12320619
2020/1/16,c2,160,12293768
2020/1/16,c2,98,12404641
2020/1/16,c8,240,12222902
2020/1/16,c9,2035,12246740
2020/1/16,c3,54,12293783
2020/1/16,c3,24,12322779
2020/1/16,c3,44,12271469
2020/1/16,c3,126,12395525
2020/1/16,c3,20,12293768
2020/1/16,c3,196,12404641
2020/1/16,c2,192,12222902
2020/1/16,c8,252,12042081
2020/1/16,c8,126,11001186
2020/1/16,c10,360,12322779
2020/1/17,c1,132,12320619
2020/1/17,c1,132,12320670
2020/1/17,c1,132,12320618
2020/1/17,c10,180,12322779
2020/1/17,c8,792,12320670
2020/1/17,c8,528,12320619
2020/1/17,c8,528,12320618
2020/1/17,c4,756,12321895
2020/1/17,c1,630,12042081
2020/1/17,c4,224,12396696
2020/1/17,c1,294,12395525
2020/1/17,c1,264,12271469
2020/1/17,c1,108,12293783
2020/1/17,c1,60,12293768
2020/1/17,c2,196,12404641
2020/1/17,c2,80,12293768
2020/1/17,c7,66,12271469
2020/1/17,c7,108,12293783
2020/1/17,c6,168,12395525
2020/1/17,c6,54,12293783
2020/1/17,c6,96,12222902
2020/1/17,c2,126,12395525
2020/1/17,c2,66,12271469
2020/1/17,c2,192,12222902
2020/1/17,c4,280,12396696
2020/1/17,c1,48,12222902
2020/1/17,c3,96,12222902
2020/1/17,c3,144,12222902
2020/1/17,c10,732,12322779
2020/1/17,c10,488,12322779
2020/1/17,c2,192,12222902
2020/1/17,c2,104,12246740
2020/1/17,c2,108,12293783
2020/1/17,c2,252,12395525
2020/1/17,c2,420,12322779
2020/1/17,c2,1056,12271469
2020/1/17,c4,140,12396696
2020/1/17,c6,96,12222902
2020/1/17,c3,144,12222902
2020/1/17,c4,56,12396696
2020/1/17,c4,140,12396696
2020/1/17,c4,28,12396696
2020/1/17,c4,28,12396696
2020/1/17,c1,110,11000851
2020/1/17,c1,252,11001186
2020/1/17,c1,126,12042081
2020/1/17,c8,660,12320670
2020/1/17,c8,660,12320619
2020/1/17,c8,528,12320618
2020/1/17,c2,220,12320619
2020/1/17,c2,220,12320618
2020/1/17,c2,220,12320670
2020/1/17,c4,140,12396696
2020/1/17,c4,140,12396696
2020/1/17,c10,450,12322779
2020/1/17,c1,198,11000858
2020/1/17,c1,110,11000851
2020/1/17,c1,252,11001186
2020/1/17,c1,126,12042081
2020/1/17,c2,126,12042081
2020/1/18,c2,252,11001186
2020/1/20,c2,330,11000851
2020/1/20,c2,99,11000858
2020/1/20,c5,48,12222902
2020/1/20,c5,132,11000858
2020/1/20,c3,96,12222902
2020/1/20,c7,98,12404641
2020/1/20,c2,132,12320618
2020/1/20,c2,198,12320670
2020/1/20,c2,176,12320619
2020/1/20,c4,280,12396696
2020/1/20,c4,224,12396696
2020/1/20,c4,594,12365978
2020/1/20,c1,86,12404641
2020/1/20,c1,168,12395525
2020/1/20,c1,396,12271469
2020/1/20,c1,216,12293783
2020/1/20,c1,80,12293768
2020/1/20,c3,63,12042081
2020/1/20,c3,66,11000851
2020/1/20,c3,63,11001186
2020/1/20,c3,66,11000858
2020/1/20,c10,976,12322779
2020/1/20,c4,792,12365978
2020/1/20,c3,11,11000851
2020/1/20,c3,11,11000858
2020/1/20,c3,63,11001186
2020/1/20,c3,84,12042081
2020/1/20,c3,99,11000858
2020/1/20,c3,99,11000851
2020/1/20,c3,84,11001186
2020/1/20,c2,48,12222902
2020/1/20,c5,21,12042081
2020/1/20,c5,55,11000851
2020/1/20,c1,126,12395525
2020/1/20,c1,264,12271469
2020/1/20,c1,80,12293768
2020/1/20,c3,48,12222902
2020/1/20,c5,21,12042081
2020/1/20,c5,24,12222902
2020/1/20,c5,44,11000851
2020/1/20,c1,84,12395525
2020/1/20,c1,66,12271469
2020/1/20,c1,108,12293783
2020/1/20,c1,30,12293768
2020/1/20,c1,125,12404641
2020/1/20,c1,142,12404641
2020/1/20,c3,96,12222902
2020/1/20,c2,196,12404641
2020/1/20,c1,104,12246740
2020/1/20,c8,924,12320670
2020/1/20,c8,528,12320619
2020/1/20,c8,528,12320618
2020/1/20,c2,80,12293768
2020/1/20,c2,858,12271469
2020/1/20,c2,84,12395525
2020/1/20,c2,108,12293783
2020/1/20,c1,96,12222902
2020/1/20,c4,84,12396696
2020/1/20,c5,84,12042081
2020/1/20,c5,96,12222902
2020/1/20,c5,176,11000858
2020/1/20,c5,275,11000851
2020/1/20,c4,364,12396696
2020/1/20,c2,132,12320619
2020/1/20,c2,88,12320670
2020/1/20,c2,22,12320618
2020/1/20,c7,1680,12322779
2020/1/20,c6,224,12395525
2020/1/20,c6,54,12293783
2020/1/20,c6,60,12293768
2020/1/20,c1,110,11000851
2020/1/20,c1,126,11001186
2020/1/20,c1,126,12042081
2020/1/20,c3,48,12222902
2020/1/20,c3,264,12320618
2020/1/20,c3,176,12320619
2020/1/20,c3,110,12320670
2020/1/20,c1,52,12404641
2020/1/20,c8,297,11000858
2020/1/20,c8,440,11000851
2020/1/20,c2,96,12222902
2020/1/20,c1,48,12222902
2020/1/20,c3,42,12395525
2020/1/20,c3,44,12271469
2020/1/20,c3,98,12404641
2020/1/20,c3,20,12293768
2020/1/21,c3,36,12322779
2020/1/21,c6,132,12320618
2020/1/21,c6,132,12320670
2020/1/21,c6,330,12320619
2020/1/21,c6,396,12320618
2020/1/21,c1,132,12320619
2020/1/21,c1,132,12320670
2020/1/21,c1,264,12320618
2020/1/21,c4,252,12321896
2020/1/21,c4,252,12321896
2020/1/21,c8,660,12320670
2020/1/21,c8,660,12320619
2020/1/21,c8,528,12320618
2020/1/21,c3,11,11000858
2020/1/21,c3,11,11000851
2020/1/21,c3,99,11000858
2020/1/21,c3,110,11000851
2020/1/21,c7,252,11001186
2020/1/21,c7,330,11000851
2020/1/21,c7,99,11000858
2020/1/21,c4,392,12396696
2020/1/21,c6,96,12222902
2020/1/21,c3,160,12293768
2020/1/21,c3,108,12293783
2020/1/21,c3,198,12271469
2020/1/21,c3,252,12395525
2020/1/21,c3,75,12322779
2020/1/21,c7,772,12322779
2020/1/21,c1,132,12320670
2020/1/21,c1,132,12320618
2020/1/21,c4,28,12396696
2020/1/21,c4,1584,12365978
2020/1/21,c3,96,12222902
2020/1/21,c6,198,12320618
2020/1/21,c6,198,12320670
2020/1/21,c6,198,12320619
2020/1/21,c3,336,12395525
2020/1/21,c3,60,12293768
2020/1/21,c3,90,12322779
2020/1/21,c1,99,11000858
2020/1/21,c1,110,11000851
2020/1/21,c1,378,11001186
2020/1/21,c1,252,12042081
2020/1/21,c2,96,12222902
2020/1/21,c4,1764,12321896
2020/1/21,c4,1764,12321896
2020/1/21,c4,756,12396696
2020/1/21,c7,300,12322779
2020/1/21,c2,126,12042081
2020/1/21,c2,126,11001186
2020/1/21,c2,330,11000851
2020/1/21,c2,198,11000858
2020/1/21,c2,88,12320618
2020/1/21,c2,220,12320670
2020/1/21,c2,220,12320619
2020/1/21,c3,104,12246740
2020/1/21,c3,44,12320670
2020/1/21,c3,88,12320618
2020/1/21,c3,154,12320619
2020/1/21,c7,88,12320618
2020/1/21,c7,110,12320670
2020/1/21,c7,110,12320619
2020/1/21,c4,792,12365978
2020/1/21,c6,396,12320670
2020/1/21,c6,528,12320619
2020/1/21,c4,728,12396696
2020/1/21,c4,792,12365978
2020/1/21,c5,42,12042081
2020/1/21,c10,48,12222902
2020/1/21,c5,63,12042081
2020/1/21,c4,1764,12321896
2020/1/21,c4,1764,12321896
2020/1/21,c4,2016,12321896
2020/1/21,c4,2016,12321896
2020/1/21,c7,126,12042081
2020/1/21,c7,126,11001186
2020/1/21,c7,330,11000851
2020/1/21,c7,99,11000858
2020/1/22,c1,126,12395525
2020/1/22,c1,198,12271469
2020/1/22,c1,108,12293783
2020/1/22,c8,660,12320670
2020/1/22,c8,660,12320619
2020/1/22,c8,396,12320618
2020/1/22,c2,160,12293768
2020/1/22,c2,98,12404641
2020/1/22,c2,176,12320618
2020/1/22,c2,396,12320619
2020/1/22,c2,264,12320670
2020/1/22,c2,208,12246740
2020/1/22,c1,99,11000858
2020/1/22,c1,220,11000851
2020/1/22,c1,378,11001186
2020/1/22,c1,252,12042081
2020/1/22,c2,294,12404641
2020/1/22,c7,324,12293783
2020/1/22,c5,126,12042081
2020/1/22,c1,168,12395525
2020/1/22,c1,198,12271469
2020/1/22,c1,105,12322779
2020/1/22,c1,108,12293783
2020/1/22,c2,196,12404641
2020/1/22,c2,80,12293768
2020/1/22,c2,160,12293768
2020/1/22,c2,98,12404641
2020/1/22,c7,105,12160666
2020/1/22,c5,110,11000851
2020/1/22,c5,121,11000858
2020/1/22,c1,104,12246740
2020/1/22,c2,288,12222902
2020/1/22,c1,108,12404641
2020/1/22,c5,104,12246740
2020/1/22,c3,48,12222902
2020/1/22,c6,126,12395525
2020/1/22,c6,80,12293768
2020/1/22,c3,66,12271469
2020/1/22,c3,84,12395525
2020/1/22,c3,108,12293783
2020/1/22,c3,80,12293768
2020/1/22,c3,110,12320619
2020/1/22,c3,66,12320670
2020/1/22,c3,176,12320618
2020/1/22,c1,104,12246740
2020/1/22,c5,63,12042081
2020/1/22,c5,39,12246740
2020/1/22,c7,80,12293768
2020/1/22,c4,792,12365978
2020/1/23,c3,132,12320618
2020/1/23,c3,264,12320619
2020/1/23,c3,132,12320670
2020/1/23,c3,220,12320618
2020/1/23,c3,242,12320670
2020/1/23,c3,396,12320619
2020/1/23,c5,253,11000851
2020/1/23,c10,192,12222902
2020/1/23,c4,56,12396696
2020/1/23,c5,63,12042081
2020/1/23,c10,198,11000858
2020/1/23,c10,220,11000851
2020/1/23,c10,126,11001186
2020/1/23,c10,126,12042081
2020/1/23,c7,126,12042081
2020/1/23,c7,126,11001186
2020/1/23,c7,110,11000851
2020/1/23,c7,99,11000858
2020/1/23,c5,90,12293783
2020/1/23,c5,210,12322779
2020/1/23,c7,330,11000851
2020/1/23,c7,297,11000858
2020/1/23,c7,300,12404641
2020/1/23,c5,126,12042081
2020/1/23,c5,110,11000851
2020/1/23,c1,66,12320619
2020/1/23,c1,132,12320670
2020/1/23,c1,132,12320618
2020/1/23,c7,264,12271469
2020/1/23,c7,10,12293768
2020/1/23,c7,60,12322779
2020/1/23,c3,242,12320618
2020/1/23,c3,242,12320619
2020/1/23,c3,242,12320670
2020/1/23,c3,36,12322779
2020/1/23,c3,84,12395525
2020/1/23,c1,144,12222902
2020/1/23,c3,48,12222902
2020/1/23,c2,220,11000851
2020/1/23,c2,198,11000858
2020/1/23,c2,126,11001186
2020/1/23,c1,208,12246740
2020/1/23,c2,88,12320670
2020/1/23,c2,88,12320619
2020/1/23,c2,176,12320618
2020/1/23,c2,96,12222902
2020/1/23,c3,110,11000851
2020/1/23,c2,192,12222902
2020/1/23,c1,504,12395525
2020/1/23,c1,264,12271469
2020/1/23,c1,432,12293783
2020/1/23,c1,330,11000851
2020/1/23,c1,882,11001186
2020/1/23,c1,756,12042081
2020/1/23,c2,108,12293783
2020/1/23,c2,168,12395525
2020/1/23,c2,1056,12271469
2020/1/23,c4,504,12321895
2020/1/23,c1,132,12320619
2020/1/23,c1,132,12320670
2020/1/23,c1,396,12320618
2020/1/23,c5,1176,12404641
2020/1/23,c3,198,12271469
2020/1/23,c3,84,12395525
2020/1/23,c3,70,12293768
2020/1/23,c3,60,12322779
2020/1/23,c1,297,11000858
2020/1/23,c4,396,12365978
2020/1/24,c4,28,12396696
2020/1/24,c4,28,12396696
2020/1/24,c3,84,12042081
2020/1/24,c3,99,11000851
2020/1/24,c3,84,11001186
2020/1/24,c5,210,12322779
2020/1/24,c1,630,11001186
2020/1/24,c1,630,12042081
2020/1/24,c2,192,12222902
2020/1/24,c2,216,12293783
2020/1/24,c2,525,12322779
2020/1/24,c2,462,12271469
2020/1/24,c2,420,12395525
2020/1/24,c4,396,12365978
2020/1/24,c5,96,12222902
2020/1/24,c1,495,11000858
2020/1/24,c1,550,11000851
2020/1/24,c7,196,12404641
2020/1/24,c4,2016,12321895
2020/1/24,c3,144,12222902
2020/1/24,c1,756,11001186
2020/1/24,c1,504,12042081
2020/1/24,c1,96,12222902
2020/1/24,c1,96,12222902
2020/1/24,c7,220,11000851
2020/1/24,c7,252,12042081
2020/1/24,c7,252,11001186
2020/1/24,c1,495,11000858
2020/1/24,c1,330,11000851
2020/1/24,c5,48,12222902
2020/1/24,c3,144,12222902
2020/1/24,c5,294,12404641
2020/1/24,c4,1512,12321896
2020/1/24,c10,42,12404641
2020/1/24,c4,396,12365978
2020/1/24,c2,104,12246740
2020/1/24,c7,440,12320618
2020/1/24,c7,220,12320670
2020/1/24,c7,550,12320619
2020/1/24,c5,490,12404641
2020/1/24,c2,60,12322779
2020/1/24,c2,90,12293783
2020/1/24,c2,84,12395525
2020/1/24,c2,198,12271469
2020/1/24,c4,1260,12321895
2020/1/24,c10,132,12271469
2020/1/25,c10,20,12293768
2020/1/25,c2,418,12320670
2020/1/25,c2,308,12320619
2020/1/27,c2,220,12320618
2020/1/27,c10,84,12404641
2020/1/27,c10,160,12293768
2020/1/27,c2,484,12320670
2020/1/27,c2,440,12320619
2020/1/27,c2,352,12320618
2020/1/27,c4,504,12321896
2020/1/27,c4,1008,12321895
2020/1/27,c4,1260,12321895
2020/1/27,c4,252,12321896
2020/1/27,c6,42,12042081
2020/1/27,c6,63,11001186
2020/1/27,c6,110,11000851
2020/1/27,c4,396,12365978
2020/1/27,c1,83,12404641
2020/1/27,c4,1260,12321895
2020/1/27,c4,1512,12321895
2020/1/27,c4,1764,12321895
2020/1/27,c4,364,12396696
2020/1/27,c1,104,12246740
2020/1/27,c4,504,12396696
2020/1/27,c8,396,12320670
2020/1/27,c8,528,12320619
2020/1/27,c8,396,12320618
2020/1/27,c1,237,12404641
2020/1/27,c4,560,12396696
2020/1/27,c1,104,12246740
2020/1/27,c1,104,12246740
2020/1/27,c1,252,12395525
2020/1/27,c1,132,12271469
2020/1/27,c1,216,12293783
2020/1/27,c2,66,12271469
2020/1/27,c2,84,12395525
2020/1/27,c4,28,12396696
2020/1/27,c1,104,12246740
2020/1/27,c4,84,12396696
2020/1/27,c4,868,12396696
2020/1/27,c2,98,12404641
2020/1/27,c2,80,12293768
2020/1/27,c1,149,12404641
2020/1/27,c1,294,12395525
2020/1/27,c1,528,12271469
2020/1/27,c1,105,12322779
2020/1/27,c1,324,12293783
2020/1/27,c1,60,12293768
2020/1/27,c1,420,12395525
2020/1/27,c1,264,12271469
2020/1/27,c1,105,12322779
2020/1/27,c1,216,12293783
2020/1/27,c2,240,12222902
2020/1/27,c2,594,12271469
2020/1/27,c2,315,12322779
2020/1/27,c2,420,12395525
2020/1/27,c2,324,12293783
2020/1/27,c4,616,12396696
2020/1/27,c8,42,12395525
2020/1/27,c8,210,12322779
2020/1/27,c8,160,12293768
2020/1/27,c2,252,12042081
2020/1/27,c2,198,11000858
2020/1/27,c2,330,11000851
2020/1/27,c2,252,11001186
2020/1/27,c3,11,11000851
2020/1/27,c3,11,11000858
2020/1/27,c3,63,12042081
2020/1/27,c1,96,12222902
2020/1/27,c8,396,12320670
2020/1/27,c8,264,12320619
2020/1/27,c8,264,12320618
2020/1/27,c4,224,12396696
2020/1/27,c2,126,11001186
2020/1/27,c2,126,12042081
2020/1/27,c2,220,11000851
2020/1/27,c2,198,11000858
2020/1/27,c1,39,12404641
2020/1/27,c1,126,12395525
2020/1/27,c1,66,12271469
2020/1/27,c1,108,12293783
2020/1/27,c1,20,12293768
2020/1/27,c1,17,12404641
2020/1/27,c8,264,12320670
2020/1/27,c8,396,12320619
2020/1/27,c8,396,12320618
2020/1/27,c3,150,12322779
2020/1/27,c3,80,12293768
2020/1/27,c3,378,12395525
2020/1/27,c3,132,12271469
2020/1/27,c3,108,12293783
2020/1/27,c1,143,12246740
2020/1/27,c4,616,12396696
2020/1/27,c9,4160,12293768
2020/1/27,c1,132,12320619
2020/1/27,c1,132,12320670
2020/1/27,c1,132,12320618
2020/1/27,c4,112,12396696
2020/1/27,c1,99,11000858
2020/1/27,c1,110,11000851
2020/1/27,c1,252,11001186
2020/1/27,c1,252,12042081
2020/1/27,c3,324,12293783
2020/1/27,c3,30,12293768
2020/1/27,c3,210,12395525
2020/1/27,c3,198,12271469
2020/1/27,c3,225,12322779
2020/1/27,c3,154,12320619
2020/1/27,c3,154,12320670
2020/1/27,c3,176,12320618
2020/1/27,c3,98,12404641
2020/1/28,c3,84,12395525
2020/1/28,c3,54,12293783
2020/1/28,c3,60,12322779
2020/1/28,c3,44,12271469
2020/1/28,c3,20,12293768
2020/1/28,c1,96,12222902
2020/1/28,c2,144,12222902
2020/1/28,c4,672,12396696
2020/1/28,c6,660,12320670
2020/1/28,c6,1056,12320619
2020/1/28,c6,132,12320618
2020/1/28,c6,132,12320670
2020/1/28,c6,66,12320619
2020/1/28,c4,252,12321896
2020/1/28,c6,26,12246740
2020/1/28,c6,1188,12320618
2020/1/28,c1,297,11000858
2020/1/28,c1,378,11001186
2020/1/28,c1,126,12042081
2020/1/28,c3,220,12320618
2020/1/28,c3,132,12320619
2020/1/28,c3,198,12320670
2020/1/28,c2,420,12322779
2020/1/28,c2,216,12293783
2020/1/28,c2,294,12395525
2020/1/28,c2,660,12271469
2020/1/28,c1,104,12246740
2020/1/28,c1,36,12404641
2020/1/28,c1,84,12395525
2020/1/28,c1,396,12271469
2020/1/28,c1,80,12293768
2020/1/28,c7,330,12320618
2020/1/28,c7,330,12320619
2020/1/28,c7,110,12320670
2020/1/28,c1,132,12320619
2020/1/28,c1,132,12320670
2020/1/28,c1,132,12320618
2020/1/28,c3,220,12320618
2020/1/28,c3,220,12320619
2020/1/28,c3,198,12320670
2020/1/28,c2,192,12222902
2020/1/28,c4,336,12396696
2020/1/28,c5,48,12222902
2020/1/28,c5,126,12042081
2020/1/28,c7,40,12293768
2020/1/28,c7,75,12322779
2020/1/28,c6,126,12042081
2020/1/28,c6,126,11001186
2020/1/28,c6,110,11000851
2020/1/28,c10,198,12271469
2020/1/28,c10,108,12293783
2020/1/28,c10,80,12293768
2020/1/28,c4,792,12365978
2020/1/28,c7,192,12222902
2020/1/28,c7,126,12042081
2020/1/28,c6,660,12320618
2020/1/28,c6,330,12320670
2020/1/28,c6,462,12320619
2020/1/28,c4,990,12365978
2020/1/28,c4,28,12396696
2020/1/28,c4,792,12365978
2020/1/28,c7,330,12320618
2020/1/28,c7,330,12320670
2020/1/28,c7,220,12320619
2020/1/28,c5,324,12293783
2020/1/28,c5,104,12246740
2020/1/28,c8,528,12320670
2020/1/28,c8,660,12320619
2020/1/28,c8,264,12320618
2020/1/28,c3,132,12320670
2020/1/28,c3,110,12320618
2020/1/28,c3,154,12320619
2020/1/29,c7,264,12222902
2020/1/29,c7,99,11000858
2020/1/29,c1,96,12222902
2020/1/29,c2,192,12222902
2020/1/29,c6,216,12293783
2020/1/29,c6,80,12293768
2020/1/29,c4,756,12321896
2020/1/29,c10,132,12320619
2020/1/29,c10,264,12320670
2020/1/29,c4,792,12365978
2020/1/29,c1,297,11000858
2020/1/29,c1,110,11000851
2020/1/29,c1,252,11001186
2020/1/29,c1,252,12042081
2020/1/29,c5,36,12293783
2020/1/29,c5,13,12246740
2020/1/29,c6,126,11001186
2020/1/29,c4,728,12396696
2020/1/29,c7,154,12320618
2020/1/29,c7,176,12320670
2020/1/29,c7,110,12320619
2020/1/29,c5,140,12404641
2020/1/29,c1,104,12246740
2020/1/29,c4,756,12321895
2020/1/29,c1,208,12246740
2020/1/29,c6,168,12395525
2020/1/29,c5,252,12042081
2020/1/29,c2,132,12320670
2020/1/29,c2,88,12320619
2020/1/29,c2,132,12320618
2020/1/29,c5,196,12404641
2020/1/29,c3,176,12320670
2020/1/29,c3,176,12320619
2020/1/29,c3,264,12320618
2020/1/29,c4,396,12365978
2020/1/29,c1,127,12404641
2020/1/29,c1,84,12395525
2020/1/29,c1,198,12271469
2020/1/29,c1,108,12293783
2020/1/29,c1,20,12293768
2020/1/29,c4,1512,12321895
2020/1/29,c4,28,12396696
2020/1/29,c1,84,12395525
2020/1/29,c1,264,12271469
2020/1/29,c1,216,12293783
2020/1/29,c6,63,11001186
2020/1/29,c4,504,12396696
2020/1/29,c8,108,12293783
2020/1/29,c8,98,12404641
2020/1/29,c8,160,12293768
2020/1/29,c10,198,11000858
2020/1/29,c10,110,11000851
2020/1/29,c10,126,11001186
2020/1/29,c4,56,12396696
2020/1/29,c5,63,12042081
2020/1/29,c4,28,12396696
2020/1/29,c4,448,12396696
2020/1/29,c4,112,12396696
2020/1/29,c4,168,12396696
2020/1/29,c4,700,12396696
2020/1/29,c1,480,12222902
2020/1/29,c4,252,12321896
2020/1/29,c4,1512,12321895
2020/1/29,c5,126,12042081
2020/1/29,c5,96,12222902
2020/1/29,c5,216,12293783
2020/1/29,c7,240,12293768
2020/1/29,c4,560,12396696
2020/1/29,c2,144,12222902
2020/1/29,c4,28,12396696
2020/1/29,c1,104,12246740
2020/1/29,c10,99,11000858
2020/1/29,c4,560,12396696
2020/1/29,c4,504,12396696
2020/1/29,c4,56,12396696
2020/1/29,c7,252,12042081
2020/1/29,c7,126,11001186
2020/1/29,c7,220,11000851
2020/1/29,c7,198,11000858
2020/1/29,c3,20,12293768
2020/1/29,c3,84,12395525
2020/1/29,c3,98,12404641
2020/1/29,c3,336,12395525
2020/1/29,c3,66,12271469
2020/1/29,c3,216,12293783
2020/1/29,c3,120,12322779
2020/1/29,c3,70,12293768
2020/1/29,c4,56,12396696
2020/1/29,c3,96,12222902
2020/1/29,c1,132,12320619
2020/1/29,c1,132,12320670
2020/1/29,c1,132,12320618
2020/1/29,c1,48,12222902
2020/1/29,c1,110,11000851
2020/1/30,c1,126,11001186
2020/1/30,c4,728,12396696
2020/1/30,c4,56,12396696
2020/1/30,c4,420,12396696
2020/1/30,c1,132,12320619
2020/1/30,c1,264,12320670
2020/1/30,c1,264,12320618
2020/1/30,c2,80,12293768
2020/1/30,c1,84,12395525
2020/1/30,c1,132,12271469
2020/1/30,c1,216,12293783
2020/1/30,c1,30,12293768
2020/1/30,c4,728,12396696
2020/1/30,c2,240,12222902
2020/1/30,c3,108,12293783
2020/1/30,c3,210,12395525
2020/1/30,c3,66,12271469
2020/1/30,c3,11,11000858
2020/1/30,c3,11,11000851
2020/1/30,c3,63,11001186
2020/1/30,c3,110,12320670
2020/1/30,c3,132,12320619
2020/1/30,c3,110,12320618
2020/1/30,c2,132,12320670
2020/1/30,c2,44,12320619
2020/1/30,c2,176,12320618
2020/1/30,c2,196,12404641
2020/1/30,c2,80,12293768
2020/1/30,c7,252,12042081
2020/1/30,c7,110,11000851
2020/1/30,c7,99,11000858
2020/1/30,c3,144,12222902
2020/1/30,c4,728,12396696
2020/1/30,c4,28,12396696
2020/1/30,c4,280,12396696
2020/1/30,c4,56,12396696
2020/1/30,c2,160,12293768
2020/1/30,c2,294,12404641
2020/1/30,c3,104,12246740
2020/1/30,c4,198,12365978
2020/1/30,c4,594,12365978
2020/1/30,c4,56,12396696
2020/1/30,c2,216,12293783
2020/1/30,c2,594,12271469
2020/1/30,c2,735,12322779
2020/1/30,c2,252,12395525
2020/1/30,c4,700,12396696
2020/1/30,c4,700,12396696
2020/1/30,c4,700,12396696
2020/1/30,c4,728,12396696
2020/1/30,c4,56,12396696
2020/1/30,c4,84,12396696
2020/1/30,c8,504,12042081
2020/1/30,c8,378,11001186
2020/1/30,c4,28,12396696
2020/1/30,c7,220,11000851
2020/1/30,c7,198,11000858
2020/1/30,c4,728,12396696
2020/1/30,c4,56,12396696
2020/1/30,c4,84,12396696
2020/1/31,c4,420,12396696
2020/1/31,c7,40,12293768
2020/1/31,c4,112,12396696
2020/1/31,c4,728,12396696
2020/1/31,c3,99,11000858
2020/1/31,c3,99,11000851
2020/1/31,c3,84,11001186
2020/1/31,c3,84,12042081
2020/1/31,c1,103,12404641
2020/1/31,c2,440,11000851
2020/1/31,c2,126,11001186
2020/1/31,c2,198,11000858
2020/1/31,c2,126,12042081
2020/1/31,c2,216,12293783
2020/1/31,c2,840,12322779
2020/1/31,c2,336,12395525
2020/1/31,c2,198,12271469
2020/1/31,c2,132,12320618
2020/1/31,c2,132,12320670
2020/1/31,c2,132,12320619
2020/1/31,c6,63,12042081
2020/1/31,c6,63,11001186
2020/1/31,c6,99,11000858
2020/1/31,c6,110,11000851
2020/1/31,c2,104,12246740
2020/1/31,c1,96,12222902
2020/1/31,c1,208,12246740
2020/1/31,c1,756,11001186
2020/1/31,c1,504,12042081
2020/1/31,c5,588,12404641
2020/1/31,c4,396,12365978
2020/1/31,c4,28,12396696
2020/1/31,c3,96,12222902
2020/1/31,c1,297,11000858
2020/1/31,c1,440,11000851
2020/1/31,c3,126,12042081
2020/1/31,c3,99,11000858
2020/1/31,c3,110,11000851
2020/1/31,c5,462,12271469
2020/1/31,c1,110,11000851
2020/1/31,c1,378,11001186
2020/1/31,c1,504,12042081
2020/1/31,c4,308,12396696
2020/1/31,c1,96,12222902
2020/1/31,c2,126,12042081
2020/1/31,c2,252,11001186
2020/1/31,c2,440,11000851
2020/2/1,c2,198,11000858
2020/2/3,c7,196,12404641
2020/2/3,c4,28,12396696
2020/2/3,c5,96,12222902
2020/2/3,c10,132,12271469
2020/2/3,c10,14,12404641
2020/2/3,c1,210,12395525
2020/2/3,c1,462,12271469
2020/2/3,c1,105,12322779
2020/2/3,c1,324,12293783
2020/2/3,c1,160,12293768
2020/2/3,c5,126,12404641
2020/2/3,c4,28,12396696
2020/2/3,c3,192,12222902
2020/2/3,c4,112,12396696
2020/2/3,c1,200,12404641
2020/2/3,c5,285,12322779
2020/2/3,c5,330,12271469
2020/2/3,c4,594,12365978
2020/2/3,c5,126,12404641
2020/2/3,c5,96,12222902
2020/2/3,c5,168,12404641
2020/2/3,c7,110,11000851
2020/2/3,c7,126,11001186
2020/2/3,c7,72,12222902
2020/2/3,c7,126,12042081
2020/2/3,c5,645,12322779
2020/2/3,c5,924,12271469
2020/2/3,c4,112,12396696
2020/2/3,c4,756,12321895
2020/2/3,c3,22,11000858
2020/2/3,c3,33,11000851
2020/2/3,c1,137,12404641
2020/2/3,c2,98,12404641
2020/2/3,c1,546,12395525
2020/2/3,c1,132,12271469
2020/2/3,c1,216,12293783
2020/2/3,c1,80,12293768
2020/2/3,c1,104,12246740
2020/2/3,c2,42,12395525
2020/2/3,c2,120,12322779
2020/2/3,c2,132,12271469
2020/2/3,c1,104,12246740
2020/2/3,c3,60,12322779
2020/2/3,c3,168,12395525
2020/2/3,c3,198,12271469
2020/2/3,c3,108,12293783
2020/2/3,c3,70,12293768
2020/2/3,c1,252,12395525
2020/2/3,c1,198,12271469
2020/2/3,c1,105,12322779
2020/2/3,c1,108,12293783
2020/2/3,c4,594,12365978
2020/2/3,c7,330,12320618
2020/2/3,c7,440,12320670
2020/2/3,c7,440,12320619
2020/2/3,c1,115,12404641
2020/2/3,c7,216,12222902
2020/2/3,c2,192,12222902
2020/2/3,c2,192,12222902
2020/2/3,c3,48,12222902
2020/2/3,c6,132,12320618
2020/2/3,c6,132,12320670
2020/2/3,c6,132,12320619
2020/2/3,c5,96,12222902
2020/2/3,c6,66,12320670
2020/2/3,c1,99,11000858
2020/2/3,c1,110,11000851
2020/2/3,c7,220,11000851
2020/2/3,c1,252,12395525
2020/2/3,c1,132,12271469
2020/2/3,c1,108,12293783
2020/2/3,c1,48,12222902
2020/2/3,c1,23,12404641
2020/2/3,c7,440,12320618
2020/2/4,c4,112,12396696
2020/2/4,c1,144,12222902
2020/2/4,c1,252,12395525
2020/2/4,c1,66,12271469
2020/2/4,c1,108,12293783
2020/2/4,c1,132,12320619
2020/2/4,c1,132,12320670
2020/2/4,c1,132,12320618
2020/2/4,c4,224,12396696
2020/2/4,c1,104,12246740
2020/2/4,c4,594,12365978
2020/2/4,c2,99,11000858
2020/2/4,c2,126,11001186
2020/2/4,c2,252,12042081
2020/2/4,c2,110,11000851
2020/2/4,c1,104,12246740
2020/2/4,c10,198,12271469
2020/2/4,c10,14,12404641
2020/2/4,c1,80,12404641
2020/2/4,c6,126,12042081
2020/2/4,c6,384,12222902
2020/2/4,c3,22,12320670
2020/2/4,c3,44,12320619
2020/2/4,c3,132,12320618
2020/2/4,c1,132,12320619
2020/2/4,c1,132,12320670
2020/2/4,c1,132,12320618
2020/2/4,c7,110,12320619
2020/2/4,c4,792,12365978
2020/2/4,c6,126,11001186
2020/2/4,c6,99,11000858
2020/2/4,c3,54,12293783
2020/2/4,c3,24,12322779
2020/2/4,c3,168,12395525
2020/2/4,c6,132,12320618
2020/2/4,c6,198,12320670
2020/2/4,c6,264,12320619
2020/2/4,c5,63,12042081
2020/2/4,c5,96,12222902
2020/2/4,c5,110,11000851
2020/2/4,c3,150,12322779
2020/2/4,c3,80,12293768
2020/2/4,c3,336,12395525
2020/2/4,c3,216,12293783
2020/2/4,c5,48,12222902
2020/2/4,c3,63,12042081
2020/2/4,c5,294,12404641
2020/2/4,c7,176,12271469
2020/2/4,c3,154,12320619
2020/2/4,c3,110,12320618
2020/2/4,c3,88,12320670
2020/2/4,c2,99,11000858
2020/2/4,c2,252,12042081
2020/2/4,c2,126,11001186
2020/2/4,c2,110,11000851
2020/2/4,c5,105,12322779
2020/2/4,c5,432,12293783
2020/2/4,c4,728,12396696
2020/2/4,c8,576,12222902
2020/2/4,c6,126,11001186
2020/2/4,c6,110,11000851
2020/2/4,c6,160,12293768
2020/2/4,c4,594,12365978
2020/2/4,c1,210,12395525
2020/2/4,c1,264,12271469
2020/2/4,c1,216,12293783
2020/2/4,c1,80,12293768
2020/2/4,c4,280,12396696
2020/2/4,c4,224,12396696
2020/2/4,c1,145,12404641
2020/2/4,c4,792,12365978
2020/2/4,c6,84,12395525
2020/2/4,c1,208,12246740
2020/2/4,c1,99,11000858
2020/2/4,c8,216,12293783
2020/2/4,c8,160,12293768
2020/2/4,c5,198,12271469
2020/2/4,c1,208,12246740
2020/2/5,c10,1320,12271469
2020/2/5,c4,196,12396696
2020/2/5,c1,96,12222902
2020/2/5,c5,196,12404641
2020/2/5,c4,420,12396696
2020/2/5,c4,56,12396696
2020/2/5,c5,18,12293783
2020/2/5,c5,105,12322779
2020/2/5,c5,528,12271469
2020/2/5,c5,324,12293783
2020/2/5,c3,44,12320670
2020/2/5,c3,22,12320619
2020/2/5,c3,66,12320618
2020/2/5,c1,168,12395525
2020/2/5,c1,264,12271469
2020/2/5,c1,108,12293783
2020/2/5,c1,80,12293768
2020/2/5,c7,500,12404641
2020/2/5,c3,22,12320670
2020/2/5,c3,88,12320619
2020/2/5,c3,132,12320618
2020/2/5,c5,98,12404641
2020/2/5,c4,84,12396696
2020/2/5,c6,288,12222902
2020/2/5,c5,98,12404641
2020/2/5,c6,63,12042081
2020/2/5,c6,96,12222902
2020/2/5,c6,42,11001186
2020/2/5,c6,22,11000851
2020/2/5,c5,105,12322779
2020/2/5,c5,462,12271469
2020/2/5,c4,396,12365978
2020/2/5,c6,324,12293783
2020/2/5,c4,594,12365978
2020/2/5,c3,44,12320670
2020/2/5,c3,176,12320618
2020/2/5,c3,44,12320619
2020/2/5,c4,420,12396696
2020/2/5,c2,144,12222902
2020/2/5,c6,252,12042081
2020/2/5,c2,66,12271469
2020/2/5,c2,60,12322779
2020/2/5,c2,84,12395525
2020/2/5,c2,90,12293783
2020/2/5,c7,252,12042081
2020/2/5,c7,252,11001186
2020/2/5,c7,440,11000851
2020/2/5,c7,99,11000858
2020/2/5,c4,112,12396696
2020/2/5,c2,208,12246740
2020/2/5,c5,196,12404641
2020/2/5,c5,252,12404641
2020/2/5,c1,104,12246740
2020/2/5,c3,126,12395525
2020/2/5,c3,196,12404641
2020/2/5,c3,44,12271469
2020/2/5,c3,20,12293768
2020/2/5,c3,54,12293783
2020/2/5,c7,24,12222902
2020/2/5,c7,252,11001186
2020/2/5,c7,110,11000851
2020/2/5,c1,264,12320619
2020/2/5,c1,396,12320670
2020/2/5,c1,396,12320618
2020/2/5,c4,594,12365978
2020/2/6,c4,756,12321896
2020/2/6,c4,396,12365978
2020/2/6,c1,66,12320619
2020/2/6,c3,44,12320619
2020/2/6,c3,110,12320618
2020/2/6,c3,80,12293768
2020/2/6,c3,126,12395525
2020/2/6,c3,66,12271469
2020/2/6,c3,108,12293783
2020/2/6,c2,196,12404641
2020/2/6,c2,80,12293768
2020/2/6,c1,336,12222902
2020/2/6,c2,98,12404641
2020/2/6,c2,80,12293768
2020/2/6,c2,98,12404641
2020/2/6,c2,144,12222902
2020/2/6,c1,336,12395525
2020/2/6,c1,264,12271469
2020/2/6,c1,216,12293783
2020/2/6,c1,240,12293768
2020/2/6,c3,144,12222902
2020/2/6,c1,240,12222902
2020/2/6,c8,48,12222902
2020/2/6,c3,144,12222902
2020/2/6,c1,99,11000858
2020/2/6,c1,378,11001186
2020/2/6,c1,252,12042081
2020/2/6,c2,98,12404641
2020/2/6,c2,80,12293768
2020/2/6,c2,99,11000858
2020/2/6,c2,330,11000851
2020/2/6,c2,252,11001186
2020/2/6,c2,110,12320618
2020/2/6,c2,176,12320619
2020/2/6,c2,110,12320670
2020/2/6,c4,224,12396696
2020/2/6,c4,504,12321896
2020/2/6,c3,192,12222902
2020/2/6,c4,28,12396696
2020/2/6,c3,48,12322779
2020/2/6,c3,126,12395525
2020/2/6,c3,20,12293768
2020/2/6,c3,98,12404641
2020/2/6,c2,98,12404641
2020/2/6,c2,80,12293768
2020/2/6,c10,54,12293783
2020/2/6,c2,1452,12271469
2020/2/6,c2,216,12293783
2020/2/6,c2,168,12395525
2020/2/6,c2,420,12322779
2020/2/6,c8,528,12320670
2020/2/6,c8,264,12320618
2020/2/6,c2,99,11000858
2020/2/6,c2,330,11000851
2020/2/6,c2,126,11001186
2020/2/6,c1,110,11000851
2020/2/6,c1,126,11001186
2020/2/6,c1,126,12042081
2020/2/7,c7,440,11000851
2020/2/7,c7,198,11000858
2020/2/7,c7,378,12042081
2020/2/7,c7,378,11001186
2020/2/7,c1,110,11000851
2020/2/7,c1,252,11001186
2020/2/7,c10,450,12322779
2020/2/7,c10,270,12322779
2020/2/7,c2,208,12246740
2020/2/7,c6,21,12042081
2020/2/7,c6,48,12222902
2020/2/7,c3,96,12222902
2020/2/7,c3,216,12293783
2020/2/7,c3,252,12395525
2020/2/7,c3,264,12271469
2020/2/7,c3,240,12322779
2020/2/7,c3,140,12293768
2020/2/7,c2,44,12320618
2020/2/7,c2,88,12320670
2020/2/7,c2,88,12320619
2020/2/7,c1,384,12222902
2020/2/7,c2,144,12222902
2020/2/7,c5,105,12322779
2020/2/7,c5,42,12042081
2020/2/7,c5,84,11001186
2020/2/7,c5,99,11000858
2020/2/7,c5,132,11000851
2020/2/7,c1,336,12222902
2020/2/7,c3,99,11000851
2020/2/7,c3,99,11000858
2020/2/7,c3,84,12042081
2020/2/7,c10,976,12322779
2020/2/7,c10,488,12322779
2020/2/7,c7,440,12320618
2020/2/7,c7,440,12320670
2020/2/7,c7,330,12320619
2020/2/7,c3,104,12246740
2020/2/7,c1,210,12395525
2020/2/7,c1,66,12271469
2020/2/7,c1,105,12322779
2020/2/7,c1,216,12293783
2020/2/7,c1,104,12246740
2020/2/7,c5,63,12042081
2020/2/7,c5,84,11001186
2020/2/7,c5,242,11000851
2020/2/7,c5,253,11000858
2020/2/7,c5,147,12042081
2020/2/7,c5,273,11001186
2020/2/7,c5,627,11000851
2020/2/7,c5,216,12293783
2020/2/7,c5,63,12042081
2020/2/7,c5,105,11001186
2020/2/7,c5,77,11000858
2020/2/10,c3,90,12322779
2020/2/10,c3,66,12271469
2020/2/10,c3,108,12293783
2020/2/10,c3,336,12395525
2020/2/10,c3,30,12293768
2020/2/10,c7,88,12320618
2020/2/10,c7,132,12320670
2020/2/10,c7,88,12320619
2020/2/10,c3,225,12322779
2020/2/10,c3,80,12293768
2020/2/10,c3,294,12395525
2020/2/10,c3,396,12271469
2020/2/10,c3,108,12293783
2020/2/10,c3,98,12404641
2020/2/10,c3,42,12395525
2020/2/10,c3,24,12322779
2020/2/10,c5,341,11000858
2020/2/10,c2,80,12293768
2020/2/10,c4,28,12396696
2020/2/10,c2,60,12322779
2020/2/10,c2,84,12395525
2020/2/10,c2,132,12271469
2020/2/10,c3,144,12222902
2020/2/10,c7,440,12320618
2020/2/10,c7,330,12320619
2020/2/10,c1,84,12395525
2020/2/10,c1,264,12271469
2020/2/10,c1,108,12293783
2020/2/10,c1,160,12293768
2020/2/10,c1,104,12246740
2020/2/10,c1,93,12404641
2020/2/10,c1,228,12404641
2020/2/10,c1,128,12404641
2020/2/10,c4,280,12396696
2020/2/10,c1,210,12395525
2020/2/10,c1,264,12271469
2020/2/10,c1,216,12293783
2020/2/10,c1,160,12293768
2020/2/10,c4,84,12396696
2020/2/10,c10,80,12293768
2020/2/10,c4,396,12365978
2020/2/10,c4,28,12396696
2020/2/10,c2,192,12222902
2020/2/10,c6,99,11000858
2020/2/10,c6,110,11000851
2020/2/10,c4,28,12396696
2020/2/10,c2,240,12222902
2020/2/10,c3,168,11001186
2020/2/10,c3,84,12042081
2020/2/10,c1,432,12222902
2020/2/10,c1,252,11001186
2020/2/10,c1,126,12042081
2020/2/10,c6,84,12395525
2020/2/10,c6,104,12246740
2020/2/10,c6,192,12222902
2020/2/10,c1,104,12246740
2020/2/10,c1,84,12395525
2020/2/10,c1,132,12271469
2020/2/10,c1,105,12322779
2020/2/10,c1,108,12293783
2020/2/10,c6,108,12293783
2020/2/10,c6,160,12293768
2020/2/10,c1,61,12404641
2020/2/10,c1,49,12404641
2020/2/10,c1,48,12222902
2020/2/10,c1,210,12395525
2020/2/10,c1,132,12271469
2020/2/10,c1,216,12293783
2020/2/10,c4,112,12396696
2020/2/10,c2,192,12222902
2020/2/10,c4,56,12396696
2020/2/10,c3,63,11001186
2020/2/10,c4,448,12396696
2020/2/10,c6,126,12042081
2020/2/10,c6,96,12222902
2020/2/10,c6,126,11001186
2020/2/10,c2,216,12293783
2020/2/10,c2,990,12271469
2020/2/10,c2,252,12395525
2020/2/10,c2,840,12322779
2020/2/10,c2,192,12222902
2020/2/10,c1,104,12246740
2020/2/10,c1,104,12246740
2020/2/10,c1,132,12320619
2020/2/10,c1,132,12320670
2020/2/10,c1,264,12320618
2020/2/10,c2,144,12222902
2020/2/10,c1,132,12320619
2020/2/10,c1,264,12320618
2020/2/10,c6,132,12320618
2020/2/10,c6,264,12320670
2020/2/10,c6,132,12320619
2020/2/10,c1,48,12222902
2020/2/10,c6,66,12320618
2020/2/10,c6,66,12320670
2020/2/10,c1,210,12395525
2020/2/10,c1,132,12271469
2020/2/11,c1,108,12293783
2020/2/11,c1,99,11000858
2020/2/11,c1,110,11000851
2020/2/11,c1,378,11001186
2020/2/11,c1,252,12042081
2020/2/11,c2,192,12222902
2020/2/11,c8,660,12320670
2020/2/11,c8,396,12320619
2020/2/11,c8,396,12320618
2020/2/11,c3,44,12320670
2020/2/11,c3,44,12320618
2020/2/11,c3,44,12320619
2020/2/11,c10,162,12293783
2020/2/11,c6,21,12042081
2020/2/11,c6,48,12222902
2020/2/11,c6,42,11001186
2020/2/11,c6,22,11000851
2020/2/11,c3,220,12320618
2020/2/11,c3,33,11000851
2020/2/11,c3,63,11001186
2020/2/11,c3,22,11000858
2020/2/11,c7,378,12042081
2020/2/11,c5,48,12222902
2020/2/11,c5,126,12042081
2020/2/11,c5,99,11000858
2020/2/11,c7,330,11000851
2020/2/11,c7,297,11000858
2020/2/11,c6,42,12042081
2020/2/11,c6,144,12222902
2020/2/11,c6,110,11000851
2020/2/11,c4,140,12396696
2020/2/11,c6,66,12320618
2020/2/11,c6,198,12320670
2020/2/11,c6,132,12320619
2020/2/11,c3,144,12222902
2020/2/11,c7,98,12404641
2020/2/11,c10,1122,12271469
2020/2/11,c3,108,12293783
2020/2/11,c3,198,12271469
2020/2/11,c2,110,12320670
2020/2/11,c2,132,12320619
2020/2/11,c2,110,12320618
2020/2/11,c10,990,12271469
2020/2/11,c7,220,11000851
2020/2/11,c7,198,11000858
2020/2/11,c7,209,12271469
2020/2/11,c3,208,12246740
2020/2/11,c10,132,12320619
2020/2/11,c10,132,12320670
2020/2/11,c3,66,12320619
2020/2/11,c3,308,12320618
2020/2/11,c1,84,12395525
2020/2/11,c1,330,12271469
2020/2/11,c1,216,12293783
2020/2/11,c2,144,12222902
2020/2/11,c3,22,11000858
2020/2/11,c3,11,11000851
2020/2/11,c3,63,11001186
2020/2/11,c2,198,11000858
2020/2/11,c2,110,11000851
2020/2/11,c1,104,12246740
2020/2/11,c3,132,12320618
2020/2/11,c1,95,12404641
2020/2/11,c10,150,12271469
2020/2/11,c10,225,12293783
2020/2/11,c10,50,12322779
2020/2/12,c2,104,12246740
2020/2/12,c3,42,12395525
2020/2/12,c3,54,12293783
2020/2/12,c3,44,12271469
2020/2/12,c3,12,12322779
2020/2/12,c1,99,11000858
2020/2/12,c1,110,11000851
2020/2/12,c1,252,11001186
2020/2/12,c1,126,12042081
2020/2/12,c1,126,12395525
2020/2/12,c1,594,12271469
2020/2/12,c1,108,12293783
2020/2/12,c2,132,12320618
2020/2/12,c2,176,12320619
2020/2/12,c2,176,12320670
2020/2/12,c1,104,12246740
2020/2/12,c2,192,12222902
2020/2/12,c1,198,11000858
2020/2/12,c1,110,11000851
2020/2/12,c1,252,11001186
2020/2/12,c1,252,12042081
2020/2/12,c4,112,12396696
2020/2/12,c7,132,12271469
2020/2/12,c7,108,12293783
2020/2/12,c7,105,12322779
2020/2/12,c1,264,12320619
2020/2/12,c1,264,12320670
2020/2/12,c1,264,12320618
2020/2/12,c2,110,11000851
2020/2/12,c10,80,12293768
2020/2/12,c2,192,12222902
2020/2/12,c2,126,12042081
2020/2/12,c2,99,11000858
2020/2/12,c7,105,12160666
2020/2/12,c3,60,12322779
2020/2/12,c3,210,12395525
2020/2/12,c3,198,12271469
2020/2/12,c3,216,12293783
2020/2/12,c3,70,12293768
2020/2/12,c4,56,12396696
2020/2/12,c10,99,11000858
2020/2/12,c10,84,12042081
2020/2/12,c10,48,12222902
2020/2/12,c10,144,12222902
2020/2/12,c3,84,12395525
2020/2/12,c3,150,12322779
2020/2/12,c10,198,11000858
2020/2/12,c10,220,11000851
2020/2/12,c10,126,11001186
2020/2/12,c10,126,12042081
2020/2/12,c8,48,12222902
2020/2/12,c1,132,12320619
2020/2/12,c1,132,12320670
2020/2/12,c1,264,12320618
2020/2/12,c3,192,12222902
2020/2/13,c2,735,12322779
2020/2/13,c2,108,12293783
2020/2/13,c2,1518,12271469
2020/2/13,c2,42,12395525
2020/2/13,c3,63,12042081
2020/2/13,c3,22,11000858
2020/2/13,c3,96,12222902
2020/2/13,c2,126,11001186
2020/2/13,c2,99,11000858
2020/2/13,c2,220,11000851
2020/2/13,c2,126,12042081
2020/2/13,c4,420,12396696
2020/2/13,c1,192,12222902
2020/2/13,c8,288,12222902
2020/2/13,c5,63,12042081
2020/2/13,c5,99,11000858
2020/2/13,c5,110,11000851
2020/2/13,c3,192,12222902
2020/2/13,c4,396,12365978
2020/2/13,c8,96,12222902
2020/2/13,c3,63,12042081
2020/2/13,c3,11,11000851
2020/2/13,c7,504,11001186
2020/2/13,c7,550,11000851
2020/2/13,c7,297,11000858
2020/2/13,c5,345,12322779
2020/2/13,c5,946,12271469
2020/2/13,c1,126,11001186
2020/2/13,c1,126,12042081
2020/2/13,c1,99,11000858
2020/2/13,c1,110,11000851
2020/2/13,c1,252,11001186
2020/2/13,c1,252,12042081
2020/2/13,c10,10,12293768
2020/2/13,c10,14,12404641
2020/2/13,c6,80,12293768
2020/2/13,c2,88,12320618
2020/2/13,c2,176,12320619
2020/2/13,c2,176,12320670
2020/2/13,c3,144,12222902
2020/2/13,c4,396,12365978
2020/2/13,c3,48,12222902
2020/2/13,c5,63,12042081
2020/2/13,c5,48,12222902
2020/2/13,c5,252,12042081
2020/2/13,c1,432,12222902
2020/2/13,c2,144,12222902
2020/2/13,c2,144,12222902
2020/2/13,c7,88,12320618
2020/2/14,c7,66,12320670
2020/2/14,c7,88,12320619
2020/2/14,c4,1584,12365978
2020/2/14,c5,105,12322779
2020/2/14,c5,96,12222902
2020/2/14,c7,1100,12320618
2020/2/14,c7,330,12320670
2020/2/14,c7,440,12320619
2020/2/14,c2,99,11000858
2020/2/14,c2,126,12042081
2020/2/14,c2,126,11001186
2020/2/14,c2,110,11000851
2020/2/14,c2,420,12322779
2020/2/14,c2,168,12395525
2020/2/14,c2,108,12293783
2020/2/14,c2,990,12271469
2020/2/14,c4,1584,12365978
2020/2/14,c1,104,12246740
2020/2/14,c1,234,12246740
2020/2/14,c2,110,11000851
2020/2/14,c6,54,12293783
2020/2/14,c6,60,12293768
2020/2/14,c2,80,12293768
2020/2/14,c2,98,12404641
2020/2/14,c2,99,11000858
2020/2/14,c2,110,11000851
2020/2/14,c2,126,11001186
2020/2/14,c1,168,12395525
2020/2/14,c1,132,12271469
2020/2/14,c1,80,12293768
2020/2/14,c1,131,12404641
2020/2/14,c1,53,12404641
2020/2/14,c3,150,12322779
2020/2/14,c3,80,12293768
2020/2/14,c3,216,12293783
2020/2/14,c3,210,12395525
2020/2/14,c3,132,12271469
2020/2/14,c1,166,12404641
2020/2/14,c10,99,11000858
2020/2/14,c10,33,11000851
2020/2/14,c10,84,11001186
2020/2/14,c10,63,12042081
2020/2/14,c2,198,12271469
2020/2/14,c2,90,12293783
2020/2/14,c2,42,12395525
2020/2/14,c2,60,12322779
2020/2/14,c3,84,12395525
2020/2/14,c3,20,12293768
2020/2/14,c3,98,12404641
2020/2/14,c3,12,12322779
2020/2/14,c8,42,12395525
2020/2/14,c8,104,12246740
2020/2/14,c8,216,12293783
2020/2/14,c8,98,12404641
2020/2/14,c10,240,12222902
2020/2/14,c8,528,12320670
2020/2/14,c8,528,12320619
2020/2/14,c8,396,12320618
2020/2/14,c3,96,12222902
2020/2/14,c3,144,12222902
2020/2/14,c3,104,12246740
2020/2/14,c3,63,12042081
2020/2/14,c3,99,11000858
2020/2/14,c3,63,11001186
2020/2/14,c3,110,11000851
2020/2/14,c3,99,11000851
2020/2/14,c3,99,11000858
2020/2/14,c3,84,11001186
2020/2/14,c3,84,12042081
2020/2/14,c1,312,12246740
2020/2/14,c1,84,12395525
2020/2/14,c1,80,12293768
2020/2/14,c1,252,12395525
2020/2/14,c1,264,12271469
2020/2/14,c1,105,12322779
2020/2/14,c1,108,12293783
2020/2/14,c1,80,12293768
2020/2/14,c2,160,12293768
2020/2/15,c2,98,12404641
2020/2/15,c4,308,12396696
2020/2/15,c4,28,12396696
2020/2/15,c2,110,11000851
2020/2/15,c2,99,11000858
2020/2/15,c2,126,12042081
2020/2/17,c2,126,11001186
2020/2/17,c2,196,12404641
2020/2/17,c4,196,12396696
2020/2/17,c4,990,12365978
2020/2/17,c4,792,12365978
2020/2/17,c4,792,12365978
2020/2/17,c4,396,12365978
2020/2/17,c2,160,12293768
2020/2/17,c6,66,12320618
2020/2/17,c6,132,12320670
2020/2/17,c6,66,12320619
2020/2/17,c6,264,12320618
2020/2/17,c6,132,12320670
2020/2/17,c6,264,12320619
2020/2/17,c1,32,12404641
2020/2/17,c1,252,12395525
2020/2/17,c1,198,12271469
2020/2/17,c1,216,12293783
2020/2/18,c6,264,12320618
2020/2/18,c6,264,12320670
2020/2/18,c6,264,12320619
2020/2/18,c10,180,12322779
2020/2/18,c10,594,12271469
2020/2/18,c10,54,12293783
2020/2/18,c6,432,12222902
2020/2/18,c1,32,12404641
2020/2/18,c1,77,12404641
2020/2/18,c1,132,12320670
2020/2/18,c1,396,12320618
2020/2/18,c6,66,12320618
2020/2/18,c6,66,12320619
2020/2/18,c5,294,12404641
2020/2/18,c2,208,12246740
2020/2/18,c4,336,12396696
2020/2/18,c10,264,12320619
2020/2/18,c10,132,12320670
2020/2/18,c6,104,12246740
2020/2/18,c10,528,12271469
2020/2/18,c10,80,12293768
2020/2/18,c4,594,12365978
2020/2/18,c6,108,12293783
2020/2/18,c6,392,12404641
2020/2/18,c6,48,12222902
2020/2/18,c6,132,12320619
2020/2/18,c3,132,12320619
2020/2/18,c3,264,12320618
2020/2/18,c6,160,12293768
2020/2/18,c7,108,12293783
2020/2/18,c7,160,12293768
2020/2/18,c5,392,12404641
2020/2/18,c4,112,12396696
2020/2/18,c4,28,12396696
2020/2/18,c1,104,12246740
2020/2/18,c6,48,12222902
2020/2/18,c2,198,12271469
2020/2/18,c2,42,12395525
2020/2/18,c2,120,12322779
2020/2/18,c7,360,12222902
2020/2/18,c1,69,12404641
2020/2/18,c1,99,11000858
2020/2/18,c1,110,11000851
2020/2/18,c1,84,12395525
2020/2/18,c1,66,12271469
2020/2/18,c1,105,12322779
2020/2/18,c1,108,12293783
2020/2/18,c1,80,12293768
2020/2/18,c1,104,12246740
2020/2/18,c5,330,12271469
2020/2/18,c5,96,12222902
2020/2/18,c4,396,12365978
2020/2/18,c1,168,12395525
2020/2/18,c1,132,12271469
2020/2/18,c1,108,12293783
2020/2/18,c1,80,12293768
2020/2/18,c5,105,12322779
2020/2/18,c6,264,12271469
2020/2/18,c5,98,12404641
2020/2/18,c7,250,12404641
2020/2/18,c4,594,12365978
2020/2/18,c5,98,12404641
2020/2/18,c6,420,12395525
2020/2/18,c5,96,12222902
2020/2/18,c5,210,12322779
2020/2/18,c5,594,12271469
2020/2/18,c4,396,12365978
2020/2/18,c5,126,12404641
2020/2/18,c2,132,12320670
2020/2/18,c2,264,12320619
2020/2/19,c2,264,12320618
2020/2/19,c3,132,12320619
2020/2/19,c3,396,12320618
2020/2/19,c5,18,12293783
2020/2/19,c5,13,12246740
2020/2/19,c5,75,12322779
2020/2/19,c5,396,12271469
2020/2/19,c5,198,12271469
2020/2/19,c5,210,12322779
2020/2/19,c3,42,12395525
2020/2/19,c3,196,12404641
2020/2/19,c3,54,12293783
2020/2/19,c6,728,12395525
2020/2/19,c4,396,12365978
2020/2/19,c8,42,12395525
2020/2/19,c8,560,12293768
2020/2/19,c1,132,12320619
2020/2/19,c1,132,12320670
2020/2/19,c1,396,12320618
2020/2/19,c8,96,12222902
2020/2/19,c3,104,12246740
2020/2/19,c1,99,11000858
2020/2/19,c1,252,11001186
2020/2/19,c1,252,12042081
2020/2/19,c2,80,12293768
2020/2/19,c2,98,12404641
2020/2/19,c1,66,12320619
2020/2/19,c1,132,12320670
2020/2/19,c1,132,12320618
2020/2/19,c2,240,12293768
2020/2/19,c2,98,12404641
2020/2/19,c4,28,12396696
2020/2/19,c7,120,12222902
2020/2/19,c2,294,12404641
2020/2/19,c4,594,12365978
2020/2/19,c7,252,12042081
2020/2/19,c7,126,11001186
2020/2/19,c7,220,11000851
2020/2/19,c7,99,11000858
2020/2/19,c1,240,12222902
2020/2/19,c6,63,12042081
2020/2/19,c6,48,12222902
2020/2/19,c6,99,11000858
2020/2/19,c2,99,11000858
2020/2/19,c2,84,12042081
2020/2/19,c2,297,11000851
2020/2/19,c2,168,11001186
2020/2/19,c3,264,12320618
2020/2/19,c3,264,12320619
2020/2/19,c10,594,11000858
2020/2/19,c10,330,11000851
2020/2/19,c10,630,12042081
2020/2/19,c7,10,12293768
2020/2/19,c10,252,11001186
2020/2/19,c9,605,12246740
2020/2/19,c3,96,12222902
2020/2/19,c8,384,12222902
2020/2/19,c1,168,12395525
2020/2/19,c1,132,12271469
2020/2/19,c1,80,12293768
2020/2/19,c5,48,12222902
2020/2/19,c3,66,12271469
2020/2/19,c8,126,12042081
2020/2/19,c8,198,11000858
2020/2/19,c8,110,11000851
2020/2/20,c2,144,12222902
2020/2/20,c2,208,12246740
2020/2/20,c2,84,11001186
2020/2/20,c2,198,11000851
2020/2/20,c2,99,11000858
2020/2/20,c2,84,12042081
2020/2/20,c7,440,12320618
2020/2/20,c7,110,12320670
2020/2/20,c9,9795,12246740
2020/2/20,c9,4595,12246740
2020/2/20,c7,120,12222902
2020/2/20,c7,120,12222902
2020/2/20,c3,168,11001186
2020/2/20,c3,168,12042081
2020/2/20,c10,693,11000858
2020/2/20,c10,220,11000851
2020/2/20,c10,252,11001186
2020/2/20,c3,84,12042081
2020/2/20,c3,99,11000858
2020/2/20,c3,84,11001186
2020/2/20,c3,99,11000851
2020/2/20,c8,1452,12320670
2020/2/20,c8,1056,12320619
2020/2/20,c8,1056,12320618
2020/2/20,c10,132,11000851
2020/2/20,c10,273,12042081
2020/2/20,c10,48,12222902
2020/2/20,c4,56,12396696
2020/2/20,c4,112,12396696
2020/2/20,c1,126,11001186
2020/2/20,c1,126,12042081
2020/2/20,c10,504,12042081
2020/2/20,c8,384,12222902
2020/2/20,c2,308,12320618
2020/2/20,c2,132,12320619
2020/2/20,c2,132,12320670
2020/2/20,c3,48,12222902
2020/2/20,c3,96,12222902
2020/2/20,c5,96,12222902
2020/2/20,c5,756,11001186
2020/2/20,c5,84,11001186
2020/2/20,c5,88,11000851
2020/2/20,c1,144,12222902
2020/2/20,c5,48,12222902
2020/2/20,c5,378,11001186
2020/2/20,c3,144,12222902
2020/2/20,c3,48,12222902
2020/2/20,c5,378,11001186
2020/2/20,c1,99,11000858
2020/2/20,c1,110,11000851
2020/2/20,c2,96,12222902
2020/2/20,c6,189,12042081
2020/2/20,c6,198,11000858
2020/2/20,c6,330,11000851
2020/2/20,c7,126,12042081
2020/2/20,c7,252,11001186
2020/2/20,c7,440,11000851
2020/2/20,c7,99,11000858
2020/2/20,c5,98,12404641
2020/2/20,c4,198,12365978
2020/2/20,c1,192,12222902
2020/2/20,c2,88,12320618
2020/2/20,c2,44,12320619
2020/2/20,c2,132,12320670
2020/2/20,c2,48,12222902
2020/2/20,c2,108,12293783
2020/2/20,c2,84,12395525
2020/2/20,c2,528,12271469
2020/2/21,c2,210,12322779
2020/2/21,c7,196,12404641
2020/2/21,c7,65,12246740
2020/2/21,c3,252,12395525
2020/2/21,c3,66,12271469
2020/2/21,c3,108,12293783
2020/2/21,c3,96,12222902
2020/2/21,c1,231,12404641
2020/2/21,c1,123,12404641
2020/2/21,c8,110,11000851
2020/2/21,c8,528,12320670
2020/2/21,c8,528,12320619
2020/2/21,c8,396,12320618
2020/2/21,c3,144,12222902
2020/2/21,c10,810,12322779
2020/2/21,c2,66,12271469
2020/2/21,c2,42,12395525
2020/2/21,c1,104,12246740
2020/2/21,c3,48,12222902
2020/2/21,c2,144,12222902
2020/2/21,c1,294,12395525
2020/2/21,c1,264,12271469
2020/2/21,c1,105,12322779
2020/2/21,c1,216,12293783
2020/2/21,c1,168,12395525
2020/2/21,c1,66,12271469
2020/2/21,c1,105,12322779
2020/2/21,c1,324,12293783
2020/2/21,c3,312,12246740
2020/2/21,c8,42,12395525
2020/2/21,c8,98,12404641
2020/2/21,c2,208,12246740
2020/2/21,c3,48,12222902
2020/2/21,c2,98,12404641
2020/2/21,c2,80,12293768
2020/2/21,c1,294,12395525
2020/2/21,c1,66,12271469
2020/2/21,c1,60,12404641
2020/2/21,c7,22,12320618
2020/2/21,c7,66,12320670
2020/2/21,c7,66,12320619
2020/2/21,c4,84,12396696
2020/2/21,c5,63,11001186
2020/2/21,c1,104,12246740
2020/2/21,c4,28,12396696
2020/2/21,c3,99,11000858
2020/2/21,c3,99,11000851
2020/2/21,c3,168,12042081
2020/2/21,c3,168,11001186
2020/2/21,c3,96,12222902
2020/2/21,c4,28,12396696
2020/2/21,c2,726,12271469
2020/2/21,c2,42,12395525
2020/2/21,c2,108,12293783
2020/2/21,c2,105,12322779
2020/2/21,c5,168,11001186
2020/2/21,c5,198,11000858
2020/2/21,c5,286,11000851
2020/2/21,c8,3024,12042081
2020/2/21,c7,110,12320618
2020/2/21,c7,110,12320670
2020/2/21,c7,110,12320619
2020/2/21,c5,216,12293783
2020/2/21,c10,375,12322779
2020/2/21,c8,252,11001186
2020/2/21,c8,1485,11000858
2020/2/21,c8,4070,11000851
2020/2/21,c4,280,12396696
2020/2/24,c1,126,11001186
2020/2/24,c1,27,12404641
2020/2/24,c1,84,12395525
2020/2/24,c1,594,12271469
2020/2/24,c1,324,12293783
2020/2/24,c1,132,12320619
2020/2/24,c1,132,12320670
2020/2/24,c1,396,12320618
2020/2/24,c1,192,12222902
2020/2/24,c1,46,12404641
2020/2/24,c1,99,11000858
2020/2/24,c1,110,11000851
2020/2/24,c1,126,11001186
2020/2/24,c1,126,12042081
2020/2/24,c1,132,12320618
2020/2/24,c2,144,12222902
2020/2/24,c3,132,12271469
2020/2/24,c3,168,12395525
2020/2/24,c3,216,12293783
2020/2/24,c1,96,12222902
2020/2/24,c2,192,12222902
2020/2/24,c2,240,12222902
2020/2/24,c1,168,12395525
2020/2/24,c1,66,12271469
2020/2/24,c1,540,12293783
2020/2/24,c1,35,12404641
,,,
